I Ate The World’s Largest Slice Of Pizza,"37,920,532 views","1,490,705 likes","32,018 dislikes",https://www.youtube.com/watch?v=Rj_vssRaZlQ
"Get This Random Person 1,000,000 Subscribers","19,389,591 views","1,189,544 likes","15,662 dislikes",https://www.youtube.com/watch?v=oD155zWANQg
Would YOU Rather Have A Lamborghini or This House?,"24,975,426 views","1,613,627 likes","16,401 dislikes",https://www.youtube.com/watch?v=s1ax8Tx_Jz0
"Would You Rather Have $100,000 OR This Mystery Key?","40,717,011 views","1,695,474 likes","30,384 dislikes",https://www.youtube.com/watch?v=_qAJMXfL6o0
"I Broke Into A House And Left $50,000","28,649,153 views","1,364,451 likes","18,065 dislikes",https://www.youtube.com/watch?v=OAbP-V6fEVc
"Last To Leave $800,000 Island Keeps It","36,140,219 views","2,226,208 likes","38,377 dislikes",https://www.youtube.com/watch?v=NkE0AMGzpJY
I Bought A Private Island,"32,698,963 views","1,871,047 likes","25,138 dislikes",https://www.youtube.com/watch?v=FbM1yi4mMMc
I Adopted EVERY Dog In A Dog Shelter,"35,325,004 views","1,956,685 likes","20,767 dislikes",https://www.youtube.com/watch?v=YQDDm9HLkV4
"I Bought The World's Largest Firework ($600,000)","46,882,625 views","2,355,518 likes","50,205 dislikes",https://www.youtube.com/watch?v=erQ_9yEz0ls
"I Spent $1,000,000 On Lottery Tickets and WON","27,032,505 views","1,467,445 likes","26,797 dislikes",https://www.youtube.com/watch?v=5V2B28OqfqM
I Built The World's Largest Lego Tower,"35,913,555 views","1,381,800 likes","29,591 dislikes",https://www.youtube.com/watch?v=59AYXzCa-Cs
I Spent 50 Hours In Solitary Confinement,"52,550,669 views","1,501,679 likes","39,233 dislikes",https://www.youtube.com/watch?v=r7zJ8srwwjk
"I Gave $200,000 To People Who Lost Their Jobs (Corona Virus)","19,495,620 views","996,388 likes","9,776 dislikes",https://www.youtube.com/watch?v=5Hg_QSIJm8I
"This is $1,000,000 in Food","18,904,428 views","1,142,204 likes","12,216 dislikes",https://www.youtube.com/watch?v=oBYbxw8f5OI
I Spent 24 Hours In A Doomsday Bunker,"45,490,272 views","1,220,211 likes","23,001 dislikes",https://www.youtube.com/watch?v=HBMmK1c44sE
"$70,000 Extreme Hide And Seek - Challenge","34,102,377 views","1,056,219 likes","15,561 dislikes",https://www.youtube.com/watch?v=_mdKvblL_8s
If You Click This Video I'll Give My Friend .001$,"34,608,758 views","2,392,215 likes","24,642 dislikes",https://www.youtube.com/watch?v=YSoJPA8-oHc
I Ran A Marathon In The World's Largest Shoes,"32,661,141 views","1,224,005 likes","19,426 dislikes",https://www.youtube.com/watch?v=AiGKBNGlzHo
Videos I Could Not Upload...,"31,283,947 views","1,408,085 likes","17,382 dislikes",https://www.youtube.com/watch?v=gsWPpE4Rid0
"$250,000 Influencer Rock, Paper, Scissors Tournament","34,769,792 views",,,https://www.youtube.com/watch?v=Ih2WTyY62J4
"How I Gained 15,000,000 Subscribers In 1 Year","14,408,047 views","770,861 likes","7,019 dislikes",https://www.youtube.com/watch?v=fY-LA3YaZ_M
Important Youtube Announcement (please watch),"26,575,897 views","2,094,894 likes","16,994 dislikes",https://www.youtube.com/watch?v=0hVZOJCYBBM
"I Ate A $70,000 Golden Pizza","57,342,349 views","1,657,899 likes","34,563 dislikes",https://www.youtube.com/watch?v=F4Y3Pkn95GI
I Gave My Credit Card To Random People,"52,995,868 views","1,794,802 likes","24,629 dislikes",https://www.youtube.com/watch?v=IYVjOfoU3uI
"Lamborghini Race, Winner Keeps Lamborghini","41,835,397 views","1,205,974 likes","24,879 dislikes",https://www.youtube.com/watch?v=KSKJKLmAqpI
I Went Back To Boy Scouts For A Day,"34,136,771 views","861,515 likes","18,673 dislikes",https://www.youtube.com/watch?v=oI6aXhowFDY
Anything You Can Fit In The Circle I’ll Pay For,"67,639,167 views","2,290,065 likes","30,464 dislikes",https://www.youtube.com/watch?v=yXWw0_UfSFg
I Am Santa Claus,"30,952,288 views","2,129,339 likes","15,418 dislikes",https://www.youtube.com/watch?v=Z9WQy9jEY8M
"$60,000 Extreme Hide And Seek - Challenge","36,268,471 views","1,103,985 likes","16,165 dislikes",https://www.youtube.com/watch?v=LdMx2U5tby0
"Surprising My Girlfriend With 100,000 Roses For Valentines Day","34,219,583 views","1,265,481 likes","30,639 dislikes",https://www.youtube.com/watch?v=i6OUv48w1bk
"Last To Take Hand Off $1,000,000 Keeps It","52,135,017 views","1,923,846 likes","31,616 dislikes",https://www.youtube.com/watch?v=yeqARWqjkps
"$50,000 Game Of Extreme Hide And Seek - Challenge","48,404,519 views","1,316,702 likes","22,322 dislikes",https://www.youtube.com/watch?v=X1jMMFOqxEw
I Ordered Pizza And Tipped The House,"54,469,261 views","2,322,528 likes","24,168 dislikes",https://www.youtube.com/watch?v=sfv1QaRzJg8
"Last To Fall Wins $1,000,000 (Part 1)","45,715,286 views","1,307,101 likes","23,097 dislikes",https://www.youtube.com/watch?v=tQ4m4zD7BBA
"Going Around A Ferris Wheel 1,000 Times Straight","31,320,281 views","897,958 likes","12,186 dislikes",https://www.youtube.com/watch?v=LU_xVr4b2qM
I Opened A FREE BANK,"40,299,392 views","1,342,611 likes","19,061 dislikes",https://www.youtube.com/watch?v=ORUX1lHbOa8
"Last To Leave Toilet Wins $1,000,000 (Part 3)","26,386,865 views","780,972 likes","11,066 dislikes",https://www.youtube.com/watch?v=NbaWrbJDr48
"Spending $1,000,000 In 24 Hours","49,557,719 views","1,975,678 likes","27,604 dislikes",https://www.youtube.com/watch?v=bs0SWXbty18
"Last To Stop Riding Bike Wins $1,000,000 (Part 4)","23,165,968 views","724,494 likes","7,584 dislikes",https://www.youtube.com/watch?v=wMuYiLby3-s
"Last to Stop Swinging Wins $1,000,000 (Part 2)","34,383,694 views","909,589 likes","16,882 dislikes",https://www.youtube.com/watch?v=RwnN2FVaHmw
"Last To Leave Ramen Noodle Pool Wins $20,000","27,208,092 views","713,851 likes","13,774 dislikes",https://www.youtube.com/watch?v=NS3hse9ezik
"Donating $100,000 To Random Streamers","26,354,419 views","827,481 likes","14,266 dislikes",https://www.youtube.com/watch?v=al6130OD1Ck
Surviving 24 Hours Straight In A Rain Forest,"43,058,886 views","1,033,724 likes","21,301 dislikes",https://www.youtube.com/watch?v=d1010B3sKNQ
"Going Through The Same Drive Thru 1,000 Times","70,069,305 views","1,847,755 likes","45,517 dislikes",https://www.youtube.com/watch?v=QxGVgXf_LNk
Dumpster Diving 100 Dumpsters (Found Expensive Stuff),"38,662,991 views","766,152 likes","23,795 dislikes",https://www.youtube.com/watch?v=anFxsa5jXrE
"Planting 20,000,000 Trees, My Biggest Project Ever!","47,053,145 views","2,915,796 likes","31,245 dislikes",https://www.youtube.com/watch?v=HPJKxAhLw5I
Surviving 24 Hours Straight In The Bermuda Triangle,"55,872,130 views","1,367,597 likes","25,225 dislikes",https://www.youtube.com/watch?v=D9lVNzyhYnc
"I Spent $100,000 On Lottery Tickets And Won!","34,210,681 views","915,935 likes","23,921 dislikes",https://www.youtube.com/watch?v=jokVbbLqV_E
"Last To Take Hand Off Boat, Keeps It","43,393,706 views","889,739 likes","20,585 dislikes",https://www.youtube.com/watch?v=Ims5p6wjW9s
"Anything You Can Carry, I'll Pay For #2","33,000,586 views","832,056 likes","12,344 dislikes",https://www.youtube.com/watch?v=npDey6_9YRs
I Spent 24 Hours Straight At Area 51,"45,409,409 views","1,480,671 likes","31,180 dislikes",https://www.youtube.com/watch?v=TOcGSwJBPMQ
"Last To Leave Roller Coaster Wins $20,000 - Challenge","47,030,700 views","1,217,828 likes","24,556 dislikes",https://www.youtube.com/watch?v=gL6iSCSHjco
Destroying My Friend's Car And Surprising Him With A New One,"48,876,714 views","1,433,878 likes","33,089 dislikes",https://www.youtube.com/watch?v=0DaMUhgcAqo
"Can 50,000 Magnets Catch A Cannon Ball?","21,855,677 views","610,383 likes","17,278 dislikes",https://www.youtube.com/watch?v=ws694xrKopA
World's Largest Game Of Dodgeball,"27,392,196 views","734,888 likes","12,940 dislikes",https://www.youtube.com/watch?v=UtnsWzaoRtg
"I Gave My Brother 24 Hours To Spend $100,000","30,747,988 views","1,066,148 likes","20,582 dislikes",https://www.youtube.com/watch?v=0NGWT9COcEI
Surviving 24 Hours On A Deserted Island,"63,401,360 views","1,432,626 likes","27,962 dislikes",https://www.youtube.com/watch?v=lBYC4_Lccjw
I Opened A Free Car Dealership,"66,005,304 views","2,310,839 likes","33,737 dislikes",https://www.youtube.com/watch?v=3LLnjRLrvLU
I Won Every Prize At A Theme Park,"50,915,659 views","1,259,346 likes","24,235 dislikes",https://www.youtube.com/watch?v=UQtltNZ_pjs
"Last To Leave Pool Of $20,000 Keeps It","52,377,247 views","1,325,602 likes","22,821 dislikes",https://www.youtube.com/watch?v=bTrV5v7GLcQ
24 Hours In The Most Haunted Place On Earth,"36,809,277 views","1,096,938 likes","26,324 dislikes",https://www.youtube.com/watch?v=YyhKdOCwD7s
"Last To Leave Revolving Door Wins $50,000","60,369,170 views","1,780,793 likes","28,919 dislikes",https://www.youtube.com/watch?v=6wsFjjhZPJI
World's Largest Bowl Of Cereal,"57,006,791 views","1,221,447 likes","33,927 dislikes",https://www.youtube.com/watch?v=xRwy_rKc7gI
I Opened The World's First FREE Store,"34,972,756 views","1,249,446 likes","20,398 dislikes",https://www.youtube.com/watch?v=n6qc4LHN2KQ
"Last To Leave VR Wins $20,000","49,272,421 views","1,161,946 likes","21,245 dislikes",https://www.youtube.com/watch?v=RCvnytndd9c
I Bought Everything In A Store - Challenge,"72,539,168 views","2,744,861 likes","37,770 dislikes",https://www.youtube.com/watch?v=ha4tRQwKIUg
Tipping Waitresses With Real Gold Bars,"37,887,378 views","1,037,408 likes","18,590 dislikes",https://www.youtube.com/watch?v=Rmf6T_Ewt38
"Paying People $10,000 To Eat Ghost Pepper","25,628,915 views","728,782 likes","17,260 dislikes",https://www.youtube.com/watch?v=fWcSBWadolA
"Last To Stop Running Wins $20,000","56,261,849 views","1,334,582 likes","23,106 dislikes",https://www.youtube.com/watch?v=AA-VpIj8F5Y
Spending 24 Hours On Top Of A Mountain,"54,894,566 views","1,394,700 likes","25,210 dislikes",https://www.youtube.com/watch?v=2eFSU7TFOnk
"Giving $10,000 To Random People And Saying Nothing","32,783,375 views","797,462 likes","18,904 dislikes",https://www.youtube.com/watch?v=xhIYirjB4Yc
Spending 24 Hours In A City With No Laws,"53,368,133 views","1,008,302 likes","25,736 dislikes",https://www.youtube.com/watch?v=H1WBdh56Vq4
Surviving 24 Hours Straight In A Desert,"53,432,992 views","1,158,207 likes","25,863 dislikes",https://www.youtube.com/watch?v=Ooke4YZv8Ts
"Donating $100,000 To Streamers With 0 Viewers","45,010,826 views","1,606,922 likes","24,208 dislikes",https://www.youtube.com/watch?v=Y6jC6VaO3j0
Playing Battleship With Real Ships,"22,496,357 views","649,648 likes","16,166 dislikes",https://www.youtube.com/watch?v=xpNeg0hPZIs
"Last To Leave The Tesla, Keeps It Challenge","47,483,646 views","910,763 likes","18,213 dislikes",https://www.youtube.com/watch?v=i2O6GMpNWGo
Molten Lava Vs Giant Ice Block Experiment,"39,124,055 views","800,762 likes","34,656 dislikes",https://www.youtube.com/watch?v=HfJMs4mrSJM
"Anything You Can Carry, I'll Pay For Challenge","57,300,812 views","1,138,382 likes","24,478 dislikes",https://www.youtube.com/watch?v=tYHTVjfShOA
"Donating $100,000 To Shroud In Real Life","22,098,654 views","651,833 likes","13,609 dislikes",https://www.youtube.com/watch?v=9yrdFAJUSaU
Homeless Man Buys A Lamborghini,"54,579,360 views","1,390,099 likes","36,448 dislikes",https://www.youtube.com/watch?v=JTQcIR2ZxU4
"$200,000 Youtuber Battle Royale","36,759,777 views","1,342,158 likes","17,425 dislikes",https://www.youtube.com/watch?v=ZV7rU6lnAKQ
I Advertised Pewdiepie At The Super Bowl,"31,641,584 views","971,264 likes","21,326 dislikes",https://www.youtube.com/watch?v=qPBtTPJHS0Q
Surprising Strangers With 100 Zombies - Experiment,"30,232,479 views","809,266 likes","32,653 dislikes",https://www.youtube.com/watch?v=iUzi5JmJNWc
Giant Monopoly Game With Real Money,"41,088,674 views","976,558 likes","19,323 dislikes",https://www.youtube.com/watch?v=2nd73lyvq4w
I Opened The World’s Cheapest Store,"30,924,041 views","942,234 likes","18,507 dislikes",https://www.youtube.com/watch?v=IiW2smvEcBM
I Put 10 Million Legos in Friend's House,"35,194,533 views","706,962 likes","19,055 dislikes",https://www.youtube.com/watch?v=q6Qw8mUVTrE
Standing Still For 24 Hours Straight - Statue Challenge,"43,403,535 views","826,918 likes","31,486 dislikes",https://www.youtube.com/watch?v=I046_n20d3s
I Spent 24 Hours Straight In Insane Asylum,"63,556,865 views","1,375,547 likes","28,559 dislikes",https://www.youtube.com/watch?v=nuM0Z4a7kMs
I Went Back To 1st Grade For A Day,"70,214,129 views","1,331,320 likes","31,906 dislikes",https://www.youtube.com/watch?v=A-vX1AGBGsc
I Gave A Homeless Man A Home,"41,476,826 views","1,396,170 likes","15,507 dislikes",https://www.youtube.com/watch?v=9cCpZl8euLI
Make This Video The Most Liked Video On Youtube,"69,210,832 views","14,865,035 likes","229,877 dislikes",https://www.youtube.com/watch?v=dBxOYE2j55U
"Eating A $10,000 Golden Steak (24k Gold)","63,512,440 views","1,118,372 likes","27,767 dislikes",https://www.youtube.com/watch?v=7zi0bi-RDj4
Donating $10000 To Pewdiepie,"35,066,736 views","1,270,654 likes","25,590 dislikes",https://www.youtube.com/watch?v=QapO3maXd9k
"Giving Friend One Hour To Spend $100,000 Challenge","48,946,693 views","974,358 likes","18,891 dislikes",https://www.youtube.com/watch?v=L8nh1wuXTbI
"Giving $100,000 To A Homeless Person","21,220,714 views","840,979 likes","10,732 dislikes",https://www.youtube.com/watch?v=rPXmbM2UEbU
"20,000 Magnets Vs A Car","20,940,751 views","541,572 likes","17,492 dislikes",https://www.youtube.com/watch?v=984NGLLYDUg
"Last Youtuber To Leave Wins $100,000 - Challenge","52,310,746 views","1,566,394 likes","31,165 dislikes",https://www.youtube.com/watch?v=71VpdDb8e6U
"Last To Remove Hand, Wins House Challenge","45,726,055 views","845,424 likes","17,173 dislikes",https://www.youtube.com/watch?v=XaxhLbxZ13k
"How I Gave Away $1,000,000","12,732,804 views","451,211 likes","5,073 dislikes",https://www.youtube.com/watch?v=9-HphHIJS9c
I Spent 24 Hours Straight In Prison - Challenge,"64,569,610 views","1,210,225 likes","34,032 dislikes",https://www.youtube.com/watch?v=sESRuTyfsEk
"Giving My 10,000,000th Subscriber 10,000,000 ___","19,454,858 views","528,801 likes","13,644 dislikes",https://www.youtube.com/watch?v=ZPuEUe_8SRM
Destroyed Friend's House And Bought Him A New One,"32,605,633 views","820,346 likes","21,114 dislikes",https://www.youtube.com/watch?v=VqnQ-0q2gb4
I Put 100 Million Orbeez In My Friend's Backyard,"95,826,437 views","2,307,776 likes","152,651 dislikes",https://www.youtube.com/watch?v=3TflpIllQHY
I Built A Giant House Using Only Legos,"40,219,409 views","655,232 likes","39,789 dislikes",https://www.youtube.com/watch?v=9vB-48kHbBU
I Put Millions Of Pennies In My Friends Backyard,"46,753,879 views","865,583 likes","31,089 dislikes",https://www.youtube.com/watch?v=Su34c5Z8DW4
Surprising TFue With A Fortnite Battle Bus In Real Life,"69,705,674 views","1,325,977 likes","32,098 dislikes",https://www.youtube.com/watch?v=e5DqdX-7_g4
"$10,000 Games Of Rock Paper Scissors","13,438,735 views","364,689 likes","8,739 dislikes",https://www.youtube.com/watch?v=gKVZz4kcuns
"Saying Pewdiepie 100,000 Times","16,464,166 views","1,110,808 likes","60,620 dislikes",https://www.youtube.com/watch?v=mGIpOtncmSM
"Spending $40,000 In One Hour Challenge","33,122,245 views","693,765 likes","11,099 dislikes",https://www.youtube.com/watch?v=1SwVSTKFCsc
"Last To Leave Slime Pit Wins $20,000 - Challenge","55,624,591 views","1,045,470 likes","26,695 dislikes",https://www.youtube.com/watch?v=3ix_gbcubTo
Flat Earth PROVEN By Independent Research,"17,423,866 views","450,465 likes","67,423 dislikes",https://www.youtube.com/watch?v=RywkkwO78m8
"Ordering Water Then Tipping $30,000","34,500,947 views","893,856 likes","19,680 dislikes",https://www.youtube.com/watch?v=uE6gud1voDs
"Surprising Tfue With $10,000 Live - Fortnite","49,430,192 views","987,652 likes","18,173 dislikes",https://www.youtube.com/watch?v=GUWGsIVEMSQ
I Bought Every Billboard In My City For This,"29,343,165 views","1,063,518 likes","44,446 dislikes",https://www.youtube.com/watch?v=qZNxvnQv0h4
"Last To Leave Circle Wins $10,000 - Challenge","62,919,261 views","1,030,824 likes","41,612 dislikes",https://www.youtube.com/watch?v=Gz3yak1cl-8
"I Spent $30,000 On Lottery Tickets And Won ____","16,268,894 views","404,129 likes","19,890 dislikes",https://www.youtube.com/watch?v=wDqJZ_2ZA3A
"I Spent $50,000 On Lottery Tickets And Won ____","26,891,233 views","652,366 likes","35,554 dislikes",https://www.youtube.com/watch?v=f0M64XpmTz8
"Guess The Right Cup, Win $100,000","31,088,422 views","815,924 likes","17,694 dislikes",https://www.youtube.com/watch?v=xBP9EUQIkNs
I Spent 24 Hours Straight In Slime,"28,259,891 views","604,726 likes","21,382 dislikes",https://www.youtube.com/watch?v=9GD6hbqu2oM
"Last To Remove Hand, Gets Lamborghini Challenge","57,621,787 views","1,101,571 likes","44,227 dislikes",https://www.youtube.com/watch?v=nywT2SenPIo
Can A Glowing 1000 Degree Sword Slice A Car In Half?,"44,303,258 views","630,260 likes","30,438 dislikes",https://www.youtube.com/watch?v=q0OK-zHnvnA
I Hope This Magic Trick Works,"24,828,640 views","378,789 likes","9,180 dislikes",https://www.youtube.com/watch?v=tBEBc4KQVsU
"Attempting The Impossible Maze - $10,000 Challenge","35,006,824 views","631,662 likes","19,061 dislikes",https://www.youtube.com/watch?v=b91vrgVY-ZQ
Playing Soccer With Real Life Cars,"16,558,633 views","246,385 likes","7,673 dislikes",https://www.youtube.com/watch?v=bFZdU9dr4OM
"Donating $100,000 To A Random Fortnite Streamer","42,158,030 views","846,489 likes","19,027 dislikes",https://www.youtube.com/watch?v=52ubXjlVzUY
"Surprising My 8,000,000th Subscriber With 8,000,000 ___","22,587,286 views","388,137 likes","14,200 dislikes",https://www.youtube.com/watch?v=UlUcwJc5nBs
Things That SHOULDN'T Be Sold On Amazon,"52,885,127 views","752,837 likes","39,850 dislikes",https://www.youtube.com/watch?v=P4qWhSZ7_WA
Spending 24 Hours Straight Under Water Challenge,"66,331,553 views","1,641,059 likes","82,637 dislikes",https://www.youtube.com/watch?v=6_im_hGxGRk
"I Donated $25,000 To Random Kids Streaming Fortnite","44,375,216 views","803,272 likes","16,730 dislikes",https://www.youtube.com/watch?v=qAW6CE7_bFM
Destroying My Friend's Car And Surprising Him With A New One - Slime,"63,514,281 views","1,463,887 likes","32,618 dislikes",https://www.youtube.com/watch?v=nd-bwvNB7YA
I Donated $1000 Every Time She Blinked - Fortnite Streamers,"17,068,797 views","505,979 likes","13,195 dislikes",https://www.youtube.com/watch?v=vbph9F_pRNI
Moving 10 Pounds Using ONLY Sound,"31,997,357 views","866,848 likes","23,276 dislikes",https://www.youtube.com/watch?v=XHb7g6yuGgE
The Real Way Dinosaurs Went Extinct,"17,468,637 views","479,542 likes","7,072 dislikes",https://www.youtube.com/watch?v=mpZWt5pGKZ8
I Built A Working Car Using Only LEGOS,"37,770,461 views","752,340 likes","23,158 dislikes",https://www.youtube.com/watch?v=XE9pUM9MEFA
"I Donated $50,000 To Ninja - Fortnite","74,887,822 views","1,590,311 likes","53,590 dislikes",https://www.youtube.com/watch?v=foLlul8Tl3E
World's Hottest Substance Vs Coldest Substance,"57,933,710 views","932,600 likes","63,201 dislikes",https://www.youtube.com/watch?v=qrIh-ZHN4-E
I Ubered Random People In A Tank,"20,582,429 views","493,720 likes","14,553 dislikes",https://www.youtube.com/watch?v=3iaDrpKdaIc
"I Gave My 6,000,000th Subscriber 6,000,000 ____","12,486,962 views","287,259 likes","16,423 dislikes",https://www.youtube.com/watch?v=-0zoWMSEOGg
"Can 1,000 Fans At Max Speed Push A Car?","15,467,328 views","310,692 likes","16,602 dislikes",https://www.youtube.com/watch?v=WRzIuC2MKOU
Returning Destroyed Rental Cars Prank,"25,441,682 views","376,123 likes","24,156 dislikes",https://www.youtube.com/watch?v=rH1D_3G56DY
I Made Money Grow On Trees,"11,945,600 views","270,219 likes","4,958 dislikes",https://www.youtube.com/watch?v=97Gh93Daio0
Pulling Cars Over Using A Toy Police Car,"17,661,394 views","373,464 likes","9,140 dislikes",https://www.youtube.com/watch?v=ehEuczQUh8E
"We Drove 3,000 Miles For The World's Best Burger","32,558,502 views","717,222 likes","28,306 dislikes",https://www.youtube.com/watch?v=MC5h-ShR-S8
"I Gave $20,000 To People From An Ice Cream Truck","11,041,974 views","265,207 likes","3,809 dislikes",https://www.youtube.com/watch?v=dFr5YQaQQdo
How Many Toy Cars Does It Take To Pull A Real Car?,"29,133,069 views","466,924 likes","48,850 dislikes",https://www.youtube.com/watch?v=d8pJkuSp1iI
Do Water Repellent Shoes Actually Work?,"71,013,122 views","898,572 likes","70,577 dislikes",https://www.youtube.com/watch?v=wbzD04leeLI
I Took Apart My Friends Car And Put It In His Room,"12,201,467 views","220,078 likes","6,649 dislikes",https://www.youtube.com/watch?v=t4OumncEiKo
"I Gave $500,000 To Random People","10,288,957 views","303,704 likes","7,913 dislikes",https://www.youtube.com/watch?v=uBC7805Smsg
How Many Rubber Bands Does It Take To Snap A Safe?,"27,902,673 views","644,436 likes","44,947 dislikes",https://www.youtube.com/watch?v=Ejou8aa5eZk
"I Gave My 5,000,000th Subscriber 5,000,000 ______","8,757,249 views","227,278 likes","7,333 dislikes",https://www.youtube.com/watch?v=dp8IaLrZpGs
$10000 Ice Sculpture Vs Flame,"16,022,749 views","325,015 likes","8,208 dislikes",https://www.youtube.com/watch?v=xBLxMfO3pDw
Walking Up To Random People With 100 StormTroopers,"12,596,390 views","318,391 likes","6,883 dislikes",https://www.youtube.com/watch?v=2Pvt8awds44
"I Tipped Waitresses $20,000","12,762,629 views","300,952 likes","6,654 dislikes",https://www.youtube.com/watch?v=CWK6an4mYL0
"I Donated $40,000 To A Random Twitch Fortnite Streamer (world record)","19,691,361 views","464,138 likes","11,405 dislikes",https://www.youtube.com/watch?v=zE3FLbpu9-Q
"Giving My 4,000,000th Subscriber 4,000,000 Cookies","9,787,361 views","240,634 likes","6,041 dislikes",https://www.youtube.com/watch?v=WZ2rYlVxt4g
I Flew Using Only Balloons AND Leaf Blowers,"24,073,107 views","408,669 likes","38,600 dislikes",https://www.youtube.com/watch?v=vETSAZgfDP4
Destroying My Friend's Car And Surprising Him With A New One,"31,374,497 views","487,842 likes","28,294 dislikes",https://www.youtube.com/watch?v=Izmibu7dxcs
"I Donated $10,000 If They Said This Word (Twitch Streamers)","17,943,910 views","478,236 likes","16,175 dislikes",https://www.youtube.com/watch?v=n9BbAfbsyj0
"Can 1,000 Rolls Of Duct Tape Stop A Car??","17,873,189 views","316,131 likes","19,878 dislikes",https://www.youtube.com/watch?v=d7QmQtNwhcU
Winning A Game Of Fortnite In The Middle Of The Ocean,"20,457,881 views","488,996 likes","22,257 dislikes",https://www.youtube.com/watch?v=NZR4WEjpOQg
Trying To Fly Using Only Leaf Blowers,"13,950,240 views","282,262 likes","58,623 dislikes",https://www.youtube.com/watch?v=Fbl3E_XCQfA
"Giving 3,000,000 Pennies To My 3,000,000th Subscriber","8,185,399 views","218,062 likes","7,249 dislikes",https://www.youtube.com/watch?v=Pe3pGsCeYXg
"Donating $10,000 To Fortnite Streamers If They Win","10,781,769 views","260,681 likes","6,048 dislikes",https://www.youtube.com/watch?v=szt8xabJoSo
"I Gave $20,000 To Random Homeless People","26,398,957 views","649,019 likes","11,156 dislikes",https://www.youtube.com/watch?v=op0N7axawJA
"I Dropped $20,000 From A Drone","6,480,925 views","194,882 likes","4,779 dislikes",https://www.youtube.com/watch?v=sg_XFT4K3N4
I Built A Mansion Using Only Cardboard Boxes,"18,248,447 views","374,273 likes","15,816 dislikes",https://www.youtube.com/watch?v=koRKIlRQj4g
"I Donated $30,000 To My Favorite Twitch Streamer (ninja)","34,809,692 views","786,206 likes","30,193 dislikes",https://www.youtube.com/watch?v=yzGmnjDFuZE
Breaking Glass Using Only Megaphones,"35,686,841 views","773,225 likes","47,427 dislikes",https://www.youtube.com/watch?v=XKFKPQHdWRI
Tying My Shoes In Every State (World Record),"14,133,755 views","337,170 likes","11,415 dislikes",https://www.youtube.com/watch?v=yuGEB4ZZdUQ
Walking Into Random Stores With 100 Dinosaurs,"25,787,896 views","710,433 likes","16,547 dislikes",https://www.youtube.com/watch?v=VwWV4JelEzY
I Bought A Car Using Only Pennies,"23,901,200 views","630,602 likes","31,023 dislikes",https://www.youtube.com/watch?v=nLpqZEAFnkE
Donating Big Donations To Twitch Streamers!!!,"26,096,586 views","534,036 likes","65,988 dislikes",https://www.youtube.com/watch?v=nRkwuTOESCc
"Can 10,000 Condoms Stop A Bullet?","6,394,427 views","177,904 likes","9,172 dislikes",https://www.youtube.com/watch?v=MZatl6kUZpw
"I Donated $30,000 To A Random Twitch Streamer (world record)","29,654,579 views","967,788 likes","18,916 dislikes",https://www.youtube.com/watch?v=g2rbhIB-ITM
We Delivered 100 Pizzas To Random Houses,"8,207,305 views","196,611 likes","4,603 dislikes",https://www.youtube.com/watch?v=CvMRiR4k49Y
I Bought An Expensive Car Using Only $1 Bills,"29,662,406 views","809,105 likes","17,800 dislikes",https://www.youtube.com/watch?v=l_huIWJBhJM
How Many Balloons Does It Take To Float?,"15,428,223 views","333,822 likes","18,929 dislikes",https://www.youtube.com/watch?v=8bYzXI7bb8k
I Bought One Snickers Bar From Every Walmart,"29,636,861 views","711,282 likes","20,642 dislikes",https://www.youtube.com/watch?v=sirrTXiPFmw
I Can't Believe I Found This Stuff On Amazon..,"20,719,551 views","725,938 likes","19,101 dislikes",https://www.youtube.com/watch?v=AS6WMS_Bemg
I Bought The World's Most Expensive Apps ($10k),"19,791,336 views","509,859 likes","25,994 dislikes",https://www.youtube.com/watch?v=7ALCsEyn3mg
Life Hacks You Need To Know,"5,662,692 views","140,892 likes","6,039 dislikes",https://www.youtube.com/watch?v=BMZP4CtphaU
i'm really sorry,"3,151,396 views","103,343 likes","4,171 dislikes",https://www.youtube.com/watch?v=5PCxQSMOl3o
I Bought An Abandoned Storage Unit And Found This..,"28,730,181 views","419,778 likes","41,845 dislikes",https://www.youtube.com/watch?v=yUXIx2l8kko
"Can 100,000 Pieces Of Paper Stop A Bullet?","24,781,465 views","468,042 likes","57,595 dislikes",https://www.youtube.com/watch?v=ln9aLVd__8w
"2,256 Miles In One Uber Ride (World Record)","33,635,211 views","817,163 likes","24,318 dislikes",https://www.youtube.com/watch?v=YR6Wh2Zy9jE
"Saying ""Keep Net Neutrality"" For 10 Hours","1,735,205 views","67,817 likes","3,441 dislikes",https://www.youtube.com/watch?v=wMn8d7IeCYM
Hi Me In Two Years (Made Two Years Ago),"12,634,124 views","577,407 likes","5,080 dislikes",https://www.youtube.com/watch?v=5qzAVMe_SnM
What Can You Cut With Paper?,"16,940,227 views","417,929 likes","13,729 dislikes",https://www.youtube.com/watch?v=N1KsSUG4Uoc
I Cant Believe What Was In This Abandoned Storage Unit..,"17,740,551 views","625,981 likes","18,423 dislikes",https://www.youtube.com/watch?v=KEVpKoY85CI
"Giving My Mom $100,000 (Proudest Day Of My Life)","20,394,445 views","926,140 likes","11,568 dislikes",https://www.youtube.com/watch?v=93s1JECSy60
"Tipping Uber Drivers $10,000","4,116,349 views","106,556 likes","1,414 dislikes",https://www.youtube.com/watch?v=zAAXW7ySu1k
What Actually Happens When You Click On Spam Ads,"2,674,097 views","94,140 likes","2,714 dislikes",https://www.youtube.com/watch?v=P5h-SO_sByE
Breaking The Law,"24,269,056 views","566,527 likes","19,529 dislikes",https://www.youtube.com/watch?v=Er6QUQZbv0w
My Experience With The Trump Hotel,"5,315,144 views","197,350 likes","14,078 dislikes",https://www.youtube.com/watch?v=sx5k8xd_VoU
"Saying Logan Paul 100,000 Times","16,461,146 views","453,801 likes","76,701 dislikes",https://www.youtube.com/watch?v=_FX6rml2Yjs
We Are Better Than Dude Perfect,"17,099,901 views","369,565 likes","46,503 dislikes",https://www.youtube.com/watch?v=Lx9fRu5ehFo
"Donating $10,000 To Random Twitch Streamers","10,442,285 views","215,673 likes","6,913 dislikes",https://www.youtube.com/watch?v=kupaqq-xJ_8
"Giving Homeless People $1,000 (Not Clickbait)","5,264,324 views","162,433 likes","3,813 dislikes",https://www.youtube.com/watch?v=4KVmSG6KS2k
"Microwaving my iPhone, what happens next might shock you..","2,067,143 views","94,619 likes","3,740 dislikes",https://www.youtube.com/watch?v=nPlqRbVFBHI
"Tipping Pizza Delivery Guys $10,000","20,970,614 views","642,685 likes","16,513 dislikes",https://www.youtube.com/watch?v=uotb9ZHnI2g
Spinning A Fidget Spinner For 24 Hours Straight (world record),"4,577,070 views","90,988 likes","12,311 dislikes",https://www.youtube.com/watch?v=tM7dlqKL9XU
"Counting To 300,000 Road To A Mil (Part 1)","1,663,999 views","37,752 likes","2,470 dislikes",https://www.youtube.com/watch?v=0SNiEDWRnEQ
"Giving A Random Homeless Man $10,000","8,491,653 views","391,167 likes","5,826 dislikes",https://www.youtube.com/watch?v=N_GMakKf7G4
Fidget Spinner Vs Face (Legit Had To Get Stitches),"26,547,335 views","817,027 likes","46,203 dislikes",https://www.youtube.com/watch?v=8D3vI1615K4
Toothpaste Life Hacks YOU SHOULD KNOW,"15,468,877 views","327,638 likes","7,832 dislikes",https://www.youtube.com/watch?v=63gyUQ_JeOE
Watching It's Everyday Bro For 10 Hours Straight,"23,200,384 views","629,028 likes","40,730 dislikes",https://www.youtube.com/watch?v=ZJwX2jTXWwQ
"Reading The Longest English Word (190,000 Characters)","15,139,411 views","385,235 likes","11,000 dislikes",https://www.youtube.com/watch?v=IZVbzNRUlQI
"Dropping 10,000 Pennies In Public Prank","3,025,842 views","87,643 likes","2,091 dislikes",https://www.youtube.com/watch?v=o6tDuwd5gzE
Grilling A Microwave Microwaving A Microwave Microwaving A Toaster Toasting An Iphone Watching Micro,"1,415,963 views","48,169 likes",786 dislikes,https://www.youtube.com/watch?v=igVcy5dtN80
Every Challenge I've Ever Done,"667,721 views","21,054 likes",816 dislikes,https://www.youtube.com/watch?v=KcsRxHwGz7A
Reading The Entire Dictionary In One Sitting,"3,324,381 views","171,497 likes","6,286 dislikes",https://www.youtube.com/watch?v=Q-arUPW3HMg
"Counting To 200,000 (Road To A Mil)","2,948,808 views","108,996 likes","9,555 dislikes",https://www.youtube.com/watch?v=9CVwXBYVqVk
Savage Level 9000,"5,295,849 views","188,762 likes","14,738 dislikes",https://www.youtube.com/watch?v=pJSbLk-Iixc
I Can't Break My Strange Addiction,"1,154,439 views","57,074 likes","1,898 dislikes",https://www.youtube.com/watch?v=jtOalDNVrKM
OMG! INSANE CUP FORT,"3,545,376 views","72,747 likes","1,659 dislikes",https://www.youtube.com/watch?v=dDYP56hEYF0
#1 MOST INSANE MAGNET LIFE HACK EVER,"15,861,445 views","253,068 likes","16,143 dislikes",https://www.youtube.com/watch?v=dEOlvTqYUNo
Watching Dance Till You're Dead For 10 Hours,"27,814,500 views","1,009,477 likes","39,387 dislikes",https://www.youtube.com/watch?v=AS5CxLCWq-Q
Reading The Youtube Terms Of Service,"385,671 views","14,584 likes",321 dislikes,https://www.youtube.com/watch?v=iengNekeTNo
Microwaving Dry Ice (Microwave Explodes),"3,093,798 views","88,816 likes","3,045 dislikes",https://www.youtube.com/watch?v=i8pmk5xnO2s
Reacting To The Reaction Of The Reaction To The Reaction Of The Reaction Of The Reaction To The Reac,"3,382,939 views","251,675 likes","4,628 dislikes",https://www.youtube.com/watch?v=rqUvnLPvbrM
HOW TO UNLOCK ANY IPHONE WITHOUT THE PASSCODE,"17,874,655 views","383,372 likes","19,770 dislikes",https://www.youtube.com/watch?v=Qy17S3g8ZuY
we are number one but every one is a bad intro,"1,838,365 views","53,060 likes","2,826 dislikes",https://www.youtube.com/watch?v=YH1-fDzHHpo
Microwaving A Microwave,"9,043,602 views","341,641 likes","6,703 dislikes",https://www.youtube.com/watch?v=KzwTYZ2W3ZA
IF YOU ONLY SEE ORANGE YOU'RE COLOR BLIND,"1,595,156 views","87,075 likes","3,704 dislikes",https://www.youtube.com/watch?v=9fa_JYTPZ2Y
"Counting To 100,000 In One Video","20,755,782 views","876,861 likes","61,523 dislikes",https://www.youtube.com/watch?v=xWcldHxHFpo
STUPIDEST PERSN ON EART (Really Dumb),"1,789,260 views","131,476 likes","2,947 dislikes",https://www.youtube.com/watch?v=2O8wta4FsD4
I Mailed Myself IN A BOX & it REALLY WORKED! (Human Mail Challenge),"11,234,103 views","281,046 likes","9,761 dislikes",https://www.youtube.com/watch?v=t1BWMa8btIw
WHY DO THEY SELL THIS ON AMAZON?,"6,319,544 views","533,695 likes","12,093 dislikes",https://www.youtube.com/watch?v=PJyWmlWNor8
Microwaving A Microwave Microwaving A Toaster,"4,380,965 views","69,323 likes","3,140 dislikes",https://www.youtube.com/watch?v=ntlG5XgYg4k
"Reading The Entire Bee Movie Script But Everytime They Say ""Bee"" I Repeat All the Previous Bees","5,070,332 views","111,473 likes","2,993 dislikes",https://www.youtube.com/watch?v=dSDBr0WjrwQ
Hi Me In A Year (Scheduled Uploaded A Year Ago),"1,070,274 views","35,714 likes",297 dislikes,https://www.youtube.com/watch?v=jhYG5BStQSk
Bleach Bottle Flips (COP CALLED),"1,065,528 views","47,691 likes",815 dislikes,https://www.youtube.com/watch?v=RPcXg2-0ejw
IT FINALLY CAME IN THE MAIL,"153,243 views","5,258 likes",62 dislikes,https://www.youtube.com/watch?v=DpIvW6av0pI
Epic New Gaming And Youtube Setup 2016,"201,334 views","6,331 likes",110 dislikes,https://www.youtube.com/watch?v=wTIPpjUgAFE
BLOWING UP $1000 KEYBOARD *RIP WALLET*,"3,124,780 views","175,296 likes","2,309 dislikes",https://www.youtube.com/watch?v=yhNcDBnQsEY
MY $1000 KEYBOARD CHANGED MY LIFE,"10,328,903 views","245,892 likes","7,128 dislikes",https://www.youtube.com/watch?v=Wyyqz3OxB5c
I BOUGHT A 1000$ KEYBOARD,"1,261,731 views","26,946 likes","4,174 dislikes",https://www.youtube.com/watch?v=KO8B2kw_Jxs
IF ONLINE ADS WERE REAL,"5,689,616 views","324,276 likes","4,814 dislikes",https://www.youtube.com/watch?v=NEDPgQYhbqs
THE WORST THINGS EVER TO EXIST,"3,092,942 views","278,068 likes","2,770 dislikes",https://www.youtube.com/watch?v=DbC9CauTXoM
24 HOUR EXPLOSION GIVEAWAY! WIN GIFTCARDS,"346,764 views","13,790 likes","1,026 dislikes",https://www.youtube.com/watch?v=Fzh65vCyHWQ
HOW MUCH MONEY DO YOUTUBERS MAKE?,"2,244,004 views","105,077 likes","1,589 dislikes",https://www.youtube.com/watch?v=G4qOiwIE_o0
LISTENING TO OLD VOICEMAILS FOR THE FIRST TIME,"173,085 views","6,223 likes",115 dislikes,https://www.youtube.com/watch?v=vBp0bzVr09s
WORST REVIEWS ON AMAZON #4 *FUNNY*,"1,542,949 views","118,259 likes","1,193 dislikes",https://www.youtube.com/watch?v=TIIU1ivhLKs
GAMBLING MONEY WITH SCRATCH OFF TICKETS,"2,792,042 views","50,180 likes","1,200 dislikes",https://www.youtube.com/watch?v=AXjdI_LHWJU
100 LAYERS OF SARAN WRAP + TOILET PAPER!!,"2,624,122 views","106,557 likes","1,610 dislikes",https://www.youtube.com/watch?v=bqpKlkPpT10
POKEMON GO STEREOTYPES,"1,383,505 views","31,642 likes",750 dislikes,https://www.youtube.com/watch?v=e-If_d_bzfI
BEST WALMART TOILET PAPER FORT,"1,216,865 views","40,005 likes",691 dislikes,https://www.youtube.com/watch?v=dJCsc_Cq9i4
"SELLING ORGANS FOR $1,000,000","2,053,216 views","63,298 likes","2,229 dislikes",https://www.youtube.com/watch?v=DoIQMkoYSzw
THE WORST SONG ON YOUTUBE *CRINGE*,"631,671 views","33,479 likes","1,341 dislikes",https://www.youtube.com/watch?v=yozl6enFC-w
SURPRISING MY BROTHER WITH A LAPTOP,"745,349 views","51,027 likes",645 dislikes,https://www.youtube.com/watch?v=LP_mGU3CgXk
WORST REVIEWS ON AMAZON #2 HOW IS THIS LEGAL?,"1,026,945 views","40,247 likes",738 dislikes,https://www.youtube.com/watch?v=qjGNBluF6_I
YOUTUBER EXPECTATIONS VS REALITY,"87,136 views","4,042 likes",78 dislikes,https://www.youtube.com/watch?v=f5tPQ2YGKAI
BLOWING UP MY TABLET,"94,312 views","4,623 likes",87 dislikes,https://www.youtube.com/watch?v=TLoDwqQF5ug
HOW TO MAKE A GOOD INTRO FOR YOUTUBE,"128,703 views","4,164 likes",724 dislikes,https://www.youtube.com/watch?v=9LiS_3HEErU
"50,000 Subscribers.exe","131,950 views","5,919 likes",80 dislikes,https://www.youtube.com/watch?v=ocruJKe2tFk
Worst Reviews On Amazon #1 (Minecraft Edition),"639,493 views","14,612 likes",336 dislikes,https://www.youtube.com/watch?v=uAFGIQPWL54
"100,000 SUBSCRIBERS.EXE","216,971 views","10,995 likes",143 dislikes,https://www.youtube.com/watch?v=5J6-5g2alp8
WORST THUMBNAILS ON YOUTUBE #3,"540,375 views","23,895 likes",508 dislikes,https://www.youtube.com/watch?v=SaDDjW9Rw-M
REACTING TO MY OLD MINECRAFT VIDEOS (HORRIBLE),"1,000,045 views","22,213 likes",691 dislikes,https://www.youtube.com/watch?v=CHdy9wND1jo
WORST BANNERS ON YOUTUBE #1,"542,623 views","13,565 likes",452 dislikes,https://www.youtube.com/watch?v=hRj5qNfkdO0
Motivation For Youtubers #6 LAST ONE,"39,309 views","1,849 likes",21 dislikes,https://www.youtube.com/watch?v=Qhdj_Umh1IE
Cereal Commentary,"34,157 views","1,439 likes",31 dislikes,https://www.youtube.com/watch?v=lMLEcUXz6T8
Motivation For Youtubers #5,"48,269 views","2,572 likes",41 dislikes,https://www.youtube.com/watch?v=hC3xW8xeCDs
18th Birthday QNA - Mom's Hair Dryer Age?,"178,035 views","5,981 likes",70 dislikes,https://www.youtube.com/watch?v=xGJEPTCw9GU
WORST INTROS EVER MADE! (REENACTED)(CRINGE),"3,176,330 views","99,518 likes","2,176 dislikes",https://www.youtube.com/watch?v=kNI-ypnH34E
WORST MEMES AND TRENDS ON YOUTUBE!,"546,862 views","9,115 likes",305 dislikes,https://www.youtube.com/watch?v=FmjsePPBbdU
How Many Licks Does It Take To Get To The Center Of A Tootsie Pop?,"254,406 views","7,840 likes",274 dislikes,https://www.youtube.com/watch?v=fN_RQFqaGHI
Dude Perfect 4.0 - We Are Totally Better,"290,388 views","7,492 likes","1,778 dislikes",https://www.youtube.com/watch?v=MgRMNzKknto
BEST INTROS ON YOUTUBE #1,"11,183,842 views","293,569 likes","10,515 dislikes",https://www.youtube.com/watch?v=XW1TsAVdXsw
CUTTING TABLE IN HALF WITH PLASTIC KNIVES,"3,475,083 views","158,288 likes","1,766 dislikes",https://www.youtube.com/watch?v=tqO3_AKC5Ks
Life Before And After Gamma (Insane) @GFuelEnergy,"12,477 views",632 likes,17 dislikes,https://www.youtube.com/watch?v=ttWTSskmxTA
Dear Future Me (Scheduled Uploaded 6 Months Ago),"1,054,227 views","70,869 likes",425 dislikes,https://www.youtube.com/watch?v=fG1N5kzeAhM
WHERE IS MY COOKIE?????,"30,911 views","3,076 likes",25 dislikes,https://www.youtube.com/watch?v=BKJy7BFP3Is
Dude Perfect 3.0 - We Are Better,"229,420 views","4,969 likes","1,319 dislikes",https://www.youtube.com/watch?v=rS2sntC-lJI
Worst Thumbnails On Youtube #2 - Cringe,"190,315 views","6,197 likes",99 dislikes,https://www.youtube.com/watch?v=5bCyFf8lSfk
"How Much Money Do Big Youtubers Make? (Pewdiepie, Markiplier, etc)","36,118 views","1,459 likes",44 dislikes,https://www.youtube.com/watch?v=1gfgZhW3YgU
Reenacting Youtubers,"82,226 views","4,004 likes",83 dislikes,https://www.youtube.com/watch?v=6XCUHLhdnEY
Motivation For Small Youtubers #4 - Inspiration For Youtubers,"50,798 views","2,984 likes",34 dislikes,https://www.youtube.com/watch?v=ngVEpJs5A5s
Struggles Of Being A Youtuber,"31,378 views","1,468 likes",29 dislikes,https://www.youtube.com/watch?v=VXmKt_1T0QM
Scheduled Uploaded 6 Months Ago (REACTION),"55,568 views","2,354 likes",26 dislikes,https://www.youtube.com/watch?v=zjC48c3ptt0
GIVING AWAY $100 ITUNES GIFT CARDS,"22,093 views",823 likes,26 dislikes,https://www.youtube.com/watch?v=dfcPUqiivDY
Doing Youtube For Fun Or Views?,"11,963 views",774 likes,16 dislikes,https://www.youtube.com/watch?v=xlzpD4GeBW0
Walking Dead Daryl DIED (Fan Reaction To Death),"49,557 views",963 likes,163 dislikes,https://www.youtube.com/watch?v=zCR6DJX7Kak
Subscriber Goals For 2017,"23,077 views",998 likes,20 dislikes,https://www.youtube.com/watch?v=fYnPyLfxSJg
$100 GIVEAWAY PRANK (NO WEAPONS INVOLVED),"14,189 views",478 likes,48 dislikes,https://www.youtube.com/watch?v=vT_gRRMjDi0
Who Founded Faze? Who Created Faze Clan?,"1,794,316 views","63,710 likes","1,159 dislikes",https://www.youtube.com/watch?v=k9zko79_3_I
Making My Background More Epic,"10,723 views",623 likes,10 dislikes,https://www.youtube.com/watch?v=2nVjy-zd65Q
Pranks That Went Horribly Wrong,"1,604,858 views","66,536 likes","1,073 dislikes",https://www.youtube.com/watch?v=8ZTy3K2QgOY
"20,000","41,427 views","1,731 likes",20 dislikes,https://www.youtube.com/watch?v=pBH_QL4JGcI
Why Do Youtubers Ask For Likes?,"77,471 views","5,185 likes",186 dislikes,https://www.youtube.com/watch?v=4cX-w-ia0RU
WORST THUMBNAILS ON YOUTUBE,"387,742 views","15,217 likes",468 dislikes,https://www.youtube.com/watch?v=VqhjiwmGNKA
Things I Hate #2 - Youtube Edition,"83,501 views","4,232 likes",71 dislikes,https://www.youtube.com/watch?v=NeOrh4GnPZ4
Counting To 10000 In One Sitting,"12,794,917 views","153,677 likes","11,401 dislikes",https://www.youtube.com/watch?v=9Ax56oRhcZc
NBA Interviews Gone Wrong (No Gun Pulled),"12,948 views",571 likes,16 dislikes,https://www.youtube.com/watch?v=LHtkve6-O0g
What Is Youtube Red? Should I Buy Youtube Red?,"32,196 views","1,028 likes",51 dislikes,https://www.youtube.com/watch?v=qBiZA4QDsj0
The Dreaded Unanswerable Question,"23,052 views",960 likes,22 dislikes,https://www.youtube.com/watch?v=1wtFD9zSQO8
Super Bowl Commercial 2016 Cost - How Much Does A Commercial Cost In 2016 Super Bowl?,"26,272 views",966 likes,22 dislikes,https://www.youtube.com/watch?v=fWhfOAuOqjY
Beast Goes Camping (Didn't Go Wrong) (Didn't Go Sexual),"37,360 views","1,202 likes",26 dislikes,https://www.youtube.com/watch?v=EhZ9gHZOZT8
Movie Trailers Be Like,"18,294 views",883 likes,19 dislikes,https://www.youtube.com/watch?v=m3Ol8zn7brk
HOW TO MAKE A VIRAL PRANK VIDEO 100% LEGIT,"26,493 views","1,069 likes",19 dislikes,https://www.youtube.com/watch?v=-cWVrFABWHw
How To Get Active Subscribers On Youtube? Tips 2016,"21,890 views","1,030 likes",41 dislikes,https://www.youtube.com/watch?v=GbOfxRfHdeg
Should You Play Video Games?,"25,617 views","1,556 likes",31 dislikes,https://www.youtube.com/watch?v=JQscW6DfNZY
School Is A Waste Of Time,"52,044 views","2,321 likes",86 dislikes,https://www.youtube.com/watch?v=9smE_EiKJ8Q
Do Dislikes Matter On Youtube - Are Dislikes Bad Or Good?,"115,383 views","5,557 likes","3,880 dislikes",https://www.youtube.com/watch?v=Om4c4ilT_6g
Is Obama Dead? Dumb Google Searches!,"164,942 views","2,088 likes",26 dislikes,https://www.youtube.com/watch?v=z7qtJAAV5d0
Motivation For Small Youtubers #3,"76,960 views","4,090 likes",45 dislikes,https://www.youtube.com/watch?v=64WGWubQO3I
Lottery Taxes - How Much Tax Is If You Win The Lottery,"67,824 views","1,157 likes",147 dislikes,https://www.youtube.com/watch?v=u0hHxeWkB_o
Is Michael Bay My Dad????????,"32,581 views","1,181 likes",32 dislikes,https://www.youtube.com/watch?v=hfaPkoXeYfU
How To Be MrBeast (Made By Really Old Subscriber),"18,364 views",827 likes,16 dislikes,https://www.youtube.com/watch?v=9pk-neTrDoM
Giving Away Two $15 Gift Cards (forgive me boyz),"9,774 views",529 likes,10 dislikes,https://www.youtube.com/watch?v=QJUs6CSRCFU
"15,000 Subscribers Speedart!","24,394 views","1,095 likes",10 dislikes,https://www.youtube.com/watch?v=lxEkV9p6o48
Reaction Channels Are Stupid??????? #JCTG,"22,477 views",806 likes,159 dislikes,https://www.youtube.com/watch?v=yzxYCRDcGDs
Whats That Song Name?,"130,317 views","4,837 likes",76 dislikes,https://www.youtube.com/watch?v=jRURlbRAUhI
Do Youtubers Pay Taxes????? (USA),"43,312 views","1,798 likes",65 dislikes,https://www.youtube.com/watch?v=cqirhwhq_qM
The Anti-Beast (R.I.P. Beast),"128,846 views","4,718 likes",59 dislikes,https://www.youtube.com/watch?v=I_3R9YGFlHE
How To Think Of Good Video Ideas (Tips),"24,004 views","1,152 likes",16 dislikes,https://www.youtube.com/watch?v=JP3v6UxI124
2015 Year Highlights,"12,522 views",645 likes,9 dislikes,https://www.youtube.com/watch?v=8nv_ltg4RAg
Goodbye Laptop,"62,005 views","2,822 likes",58 dislikes,https://www.youtube.com/watch?v=PCakYf_PnT0
"Reacting To Family Accounts (MamaBeast, MrBeast'sLaptop, Etc)","862,051 views","18,128 likes",425 dislikes,https://www.youtube.com/watch?v=xjJJ_wDlc1E
MrBeast Rest In Pepperoni 6000,"160,575 views","3,059 likes",54 dislikes,https://www.youtube.com/watch?v=VvphlSvCyj8
Should You Do COD Commentaries In 2016????,"9,936 views",374 likes,12 dislikes,https://www.youtube.com/watch?v=6zQhLOw1nw8
How To Get More Views And Subscribers On Youtube (2016),"18,641 views",692 likes,52 dislikes,https://www.youtube.com/watch?v=cpI5lCaqZcQ
Dear Razer Can I Have My 70$ Back?????,"2,128,864 views","111,921 likes","2,574 dislikes",https://www.youtube.com/watch?v=hD_Af6W2qug
Worst MrBeast6000 Intros?? (Fan Made!),"277,864 views","6,385 likes",219 dislikes,https://www.youtube.com/watch?v=zExxMxcoJ6A
Why Does This Video Have No Thumbnail?,"22,186 views","1,343 likes",85 dislikes,https://www.youtube.com/watch?v=3IQdDBwc42o
How Many People Have A Silver Play Button????,"51,056 views","1,956 likes",47 dislikes,https://www.youtube.com/watch?v=HIhUkvAG0o4
Totally 100% Real Epic Ping Pong Trickshots,"18,880 views","1,043 likes",30 dislikes,https://www.youtube.com/watch?v=4YHnf3YepwU
How To Make Illuminati Confirmed Videos Like Peladophobian,"101,846 views","1,875 likes",105 dislikes,https://www.youtube.com/watch?v=_jmooGKD-KM
THINGS I HATE #1,"209,689 views","7,249 likes",169 dislikes,https://www.youtube.com/watch?v=mfvi_jgdVqE
Exams Be Like,"91,750 views","4,046 likes",51 dislikes,https://www.youtube.com/watch?v=uxzBq4Y_fNw
PSYCHO FRIEND SMASHES MY LAPTOP! (Mc Juggernuggets Parody),"73,989 views","3,237 likes",45 dislikes,https://www.youtube.com/watch?v=g0IrVKXIbmE
"Spam404 Has Terminated 5,000,000 Videos (Including Pewdiepie)","65,778 views","1,608 likes",22 dislikes,https://www.youtube.com/watch?v=dRqthQ2Mc_0
"Shark Tank Most Successful Products, Entrepreneurs, Or Businesses 2015","115,093 views",568 likes,361 dislikes,https://www.youtube.com/watch?v=sKn8Tbp2a-4
MrBeast6000's First Video (So Bad lol),"5,139,273 views","184,434 likes","4,428 dislikes",https://www.youtube.com/watch?v=8TFq_vvO_Wg
FREE TO USE BO3 GAMEPLAY - 1080p,"20,383 views",376 likes,27 dislikes,https://www.youtube.com/watch?v=2Om2M4_Kyd0
Michael Jordan vs Lebron James - Who Is Better?,"35,635 views",729 likes,75 dislikes,https://www.youtube.com/watch?v=HfogADirxvU
Double Agent (Short Film),"30,156 views","1,576 likes",12 dislikes,https://www.youtube.com/watch?v=KaaEivIqX6M
The Evolution Of My Youtube Banners,"17,099 views",550 likes,17 dislikes,https://www.youtube.com/watch?v=oo8ve4Ldpck
Direct T.V. Commercial Parody! (Free gameplay trailer),"57,458 views","2,045 likes",35 dislikes,https://www.youtube.com/watch?v=8a7d8pooQgw
"How Many People Get The Golden Play Button? (1,000,000 Subscribers)","37,685 views","1,014 likes",22 dislikes,https://www.youtube.com/watch?v=XOtTKQujlkI
YOU ONLY DO YOUTUBE FOR VIEWS,"13,423 views",711 likes,28 dislikes,https://www.youtube.com/watch?v=W4gBpws7Ug8
Why I Stopped Playing Video Games - Video Game Commentary,"19,710 views",564 likes,16 dislikes,https://www.youtube.com/watch?v=syMozMiJneM
"How To Get 1,000 Subscribers On Youtube - Vlogs Gaming","26,530 views","1,154 likes",61 dislikes,https://www.youtube.com/watch?v=1Pr-R2nKTY4
High School Education Be Like (Paying Taxes),"9,002 views",429 likes,14 dislikes,https://www.youtube.com/watch?v=QqdUhn99E-s
Millions Of Views!,"120,182 views","4,394 likes",51 dislikes,https://www.youtube.com/watch?v=OEuS7fjMlMc
Who Has The Best Truck? GMC or Chevy?,"67,089 views",774 likes,254 dislikes,https://www.youtube.com/watch?v=KqA5u0yp2Mw
YOUTUBE RED STEALS CONTENT CREATORS MONEY? What Is Youtube Red?,"10,361 views",453 likes,25 dislikes,https://www.youtube.com/watch?v=Wt6cMjn3YLg
"10,000 QNA With MUM","107,303 views","4,105 likes",35 dislikes,https://www.youtube.com/watch?v=NT3EkjxO8hs
I Got Bored Of Studying So This Happened,"106,991 views","3,797 likes",58 dislikes,https://www.youtube.com/watch?v=1UygJmcHUdQ
Beast's Room Tour,"126,997 views","3,051 likes",49 dislikes,https://www.youtube.com/watch?v=uhJ6ztPiqdw
How Do Youtubers Make Money? How Do Youtubers Get Paid?,"22,176 views",938 likes,30 dislikes,https://www.youtube.com/watch?v=7Pogam71094
Is Being A Youtuber Hard? Is Being A Youtuber Worth It?,"20,873 views","1,051 likes",16 dislikes,https://www.youtube.com/watch?v=Pgxi8dsUW-o
Increase Youtube Views 2015! COMMUNITY CHANNELS - Boosting Youtube Views,"7,968 views",335 likes,6 dislikes,https://www.youtube.com/watch?v=DL0OPJ2hahc
Best Green Screen Lighting Ever? (Joking Obviously),"43,821 views","1,199 likes",36 dislikes,https://www.youtube.com/watch?v=YY2-jJojnOA
9k Subs - Channel Talk,"20,463 views",885 likes,21 dislikes,https://www.youtube.com/watch?v=LTr8cXAxy1I
Originality - A Youtube Poem By MrBeast6000,"9,141 views",545 likes,10 dislikes,https://www.youtube.com/watch?v=WwE0tR08OTU
How Much Money Does Bill Gates Make / Have - Billionaire,"32,105 views","1,020 likes",46 dislikes,https://www.youtube.com/watch?v=Ow3xqv7ahXo
MrBeast6000's Channel Trailer,"50,806 views","2,544 likes",28 dislikes,https://www.youtube.com/watch?v=TRiF8PdrIP8
Best Microphone For Youtube (Gaming Commentaries Vocals Singing Podcast),"11,788 views",452 likes,10 dislikes,https://www.youtube.com/watch?v=g4DAFnZcCcQ
Best Non-Copyrighted Songs For Videos! (Intros Vlogs Gaming Trailers) 2016,"33,051 views",924 likes,45 dislikes,https://www.youtube.com/watch?v=NFZ_MtTvwm0
Shia Labeouf Motivates Youtubers!,"37,374 views","1,300 likes",45 dislikes,https://www.youtube.com/watch?v=bzIPun3cVsw
PC Master Race Vs Console Peasants,"18,947 views",806 likes,87 dislikes,https://www.youtube.com/watch?v=Ng_qwlvhrJo
Do Tags Do Anything On Youtube?????,"29,591 views","1,712 likes",38 dislikes,https://www.youtube.com/watch?v=h-D6ukDcS9o
"Ad Blocker For Chrome and Mobile, Should You Use It?","33,331 views",983 likes,65 dislikes,https://www.youtube.com/watch?v=rXnaD7PU9kY
"Why I Sold My PS4, Not A Gaming Channel???","14,555 views",642 likes,24 dislikes,https://www.youtube.com/watch?v=Lwt_VThQIdM
7k SUBS! Smashing Ghost + AW! Plus Channel Talk!,"15,839 views",711 likes,7 dislikes,https://www.youtube.com/watch?v=4krBgDFycgY
Bronze And Platinum Play Buttons?????,"284,310 views","5,536 likes",275 dislikes,https://www.youtube.com/watch?v=mY77HA20MzA
Stupid Things People Search On Google,"843,170 views","40,730 likes",723 dislikes,https://www.youtube.com/watch?v=2LIJtcI4dbg
Knives In Video Games Cost More Than Real Life????,"13,817 views",558 likes,15 dislikes,https://www.youtube.com/watch?v=miKQkeq5sbU
Selling PS4 For $250 + Elgato For $100!,"10,673 views",331 likes,24 dislikes,https://www.youtube.com/watch?v=P2oPACr4uuU
Watching Video Games Is A Waste Of Time????,"8,865 views",355 likes,9 dislikes,https://www.youtube.com/watch?v=3-f9DEFsh4w
Social Media As A Job????,"5,831 views",251 likes,8 dislikes,https://www.youtube.com/watch?v=pGYyUssWLTA
How Much Money Do Youtubers Make? Real Numbers!,"57,692 views","1,830 likes",37 dislikes,https://www.youtube.com/watch?v=vGB2d5cQJpY
How I Will Survive The Zombie Apocalypse!,"151,538 views","4,697 likes",126 dislikes,https://www.youtube.com/watch?v=J590MYm0SY8
6 Uses For Your Advanced Warfare Disk!,"9,022 views",438 likes,9 dislikes,https://www.youtube.com/watch?v=Cp431S5z8PE
HONEST Shout Out Sunday! Free Subscribers!,"5,915 views",257 likes,8 dislikes,https://www.youtube.com/watch?v=M94G0iKYiSM
"Pewdiepie's Shoutout, What Would You Do If You Won?","14,566 views",546 likes,6 dislikes,https://www.youtube.com/watch?v=vuOTP206zWM
MrBeast’s Outro Song,"5,370,197 views","218,068 likes","1,682 dislikes",https://www.youtube.com/watch?v=ttLYXcza4j4
Airplane Pilots Last Words Before Death,"41,090 views",698 likes,112 dislikes,https://www.youtube.com/watch?v=j7kM8G_AjuY
Exility vs Dr.Pineapplez - Misleading Contest!,"24,371 views","3,131 likes",27 dislikes,https://www.youtube.com/watch?v=dpUxRIqbNlc
MrBeast6000Subs,"68,108 views","4,341 likes",34 dislikes,https://www.youtube.com/watch?v=GxTVDClFXuc
"Youtube Networking - Aka Fake Likes, Subs, And Comments","8,124 views",549 likes,33 dislikes,https://www.youtube.com/watch?v=kGaq-Qi9hoE
Dogs Opinions On Youtubers Getting BO3 Early,"10,966 views",486 likes,10 dislikes,https://www.youtube.com/watch?v=NUVglXbGBfs
My Favorite FaZe Clan Members?????,"10,054 views",329 likes,14 dislikes,https://www.youtube.com/watch?v=X9eXa-Uzuj0
"Black Ops 3 First Impressions, My First Game","8,216 views",327 likes,8 dislikes,https://www.youtube.com/watch?v=kqUT-s3a6tU
My Mom Found My Channel!! :0,"459,616 views","15,917 likes",273 dislikes,https://www.youtube.com/watch?v=mM2KwBYa-u4
How To Tweet When You're Dead! DEADSOCIAL Facebook And Instagram Also!,"7,252 views",333 likes,5 dislikes,https://www.youtube.com/watch?v=oB8kFFvJdhE
How Much Do T.V. Commercials Cost?????,"8,698 views",272 likes,8 dislikes,https://www.youtube.com/watch?v=deK-My3Of0o
1080p FREE TO USE BLACK OPS 3 GAMEPLAY,"24,072 views",549 likes,31 dislikes,https://www.youtube.com/watch?v=WAcmsAISniQ
I Hate Youtubers That Ask For Likes,"58,713 views","3,916 likes",111 dislikes,https://www.youtube.com/watch?v=9zFfp3gzZ88
What Is Crohns Disease?????,"44,647 views","1,397 likes",20 dislikes,https://www.youtube.com/watch?v=p6bzNpgbX8Y
What Is Yanet Actually Thinking?????,"33,152 views",839 likes,24 dislikes,https://www.youtube.com/watch?v=afL8tYlnrj4
Xbox One Destroyer? COD Advertisement Is Free,"7,306 views",370 likes,9 dislikes,https://www.youtube.com/watch?v=m8qGlpcfAIw
Time,"16,282 views",488 likes,12 dislikes,https://www.youtube.com/watch?v=4AigP5OY8JE
BO3,"94,883 views","2,518 likes",49 dislikes,https://www.youtube.com/watch?v=T-v4b3WtPAg
"5,000 Hype","30,567 views",879 likes,12 dislikes,https://www.youtube.com/watch?v=ep7S1XnuQLU
5 Steps To Becoming Successful On Youtube!,"16,168 views",873 likes,20 dislikes,https://www.youtube.com/watch?v=qVLr6SMxvJw
Leaving For 7 Days,"8,296 views",293 likes,7 dislikes,https://www.youtube.com/watch?v=6T17licWsQ4
Modern Art Is A Joke,"18,901 views",434 likes,68 dislikes,https://www.youtube.com/watch?v=uZPkMnv8b-o
Beast $500ish Youtube PC Great For Making Videos!,"16,482 views",430 likes,8 dislikes,https://www.youtube.com/watch?v=RMoFUeBVefA
Should I Buy An Elgato Game Capture??,"8,060 views",227 likes,18 dislikes,https://www.youtube.com/watch?v=3LuchpUc7PU
SAT And Some Random Stuff,"8,547 views",262 likes,8 dislikes,https://www.youtube.com/watch?v=ejlkNGm82w4
Always Changing My Name? Mr.Beast or MrBeast6000,"69,822 views","1,786 likes",30 dislikes,https://www.youtube.com/watch?v=ZqzFRGH_tMQ
Fanboy Opinions On Black Ops 3,"7,382 views",223 likes,6 dislikes,https://www.youtube.com/watch?v=_f6xCA0-gAo
How Do You Turn Off A PS4? Xbox Noob In Need Of Help,"27,783 views",646 likes,25 dislikes,https://www.youtube.com/watch?v=AjXbO2XfBkE
Motivation For Youtube - Ultimate Small Youtuber Motivation #2,"42,602 views","2,011 likes",24 dislikes,https://www.youtube.com/watch?v=1s6UOlWdpw4
How Much Youtube Money Do I Make???,"218,030 views","4,800 likes",122 dislikes,https://www.youtube.com/watch?v=94A-bsumX9A
Big Channel's Starting Over???,"11,760 views",338 likes,12 dislikes,https://www.youtube.com/watch?v=lfD7kMZKuNg
Am I Ian From Smosh????,"143,140 views","2,469 likes",53 dislikes,https://www.youtube.com/watch?v=gYaxI_allkQ
How Many Youtubers Are Millionaires???,"21,311 views",476 likes,41 dislikes,https://www.youtube.com/watch?v=Jtj9rUqlB1Y
Sacrifices And Youtube,"5,982 views",329 likes,6 dislikes,https://www.youtube.com/watch?v=QX0wvWGW2qg
Beast Gaming Set Up #almost4k,"18,927 views",550 likes,12 dislikes,https://www.youtube.com/watch?v=6Xv-LVYZQxk
Reuploading Other Youtubers Videos? Stealing Big Youtubers Videos.,"16,706 views",408 likes,25 dislikes,https://www.youtube.com/watch?v=2jWZtKTN6jU
"New Optic Gaming Gear Coming To Advanced Warfare, My Thoughts","6,115 views",179 likes,6 dislikes,https://www.youtube.com/watch?v=ZQZzR0DUujc
4k Subscriber's! First Channel Story!,"19,885 views",819 likes,11 dislikes,https://www.youtube.com/watch?v=zsADECFHY8w
Advanced Warfare DLC 4 Honest Parody,"5,506 views",300 likes,22 dislikes,https://www.youtube.com/watch?v=8-0ZHJHp9g4
5$ To Advertise Your Youtube Channel???,"48,333 views","1,050 likes",31 dislikes,https://www.youtube.com/watch?v=oODUkNQAzXU
Youtube Collabs? Collabbing with Mr.Beast?,"20,387 views",557 likes,14 dislikes,https://www.youtube.com/watch?v=-V3-fhJQZkk
World's Worst Thieves,"25,243 views",798 likes,23 dislikes,https://www.youtube.com/watch?v=QqIG0R-KpGk
People Who Got Rich From Movie Trailers On Youtube,"34,547 views",500 likes,74 dislikes,https://www.youtube.com/watch?v=Feh8o-HmthM
Supply Drop Challenge For Charity,"5,215 views",237 likes,6 dislikes,https://www.youtube.com/watch?v=XR_q9_LEKuc
My Upload For ThunderstruckGaming,"7,802 views",238 likes,7 dislikes,https://www.youtube.com/watch?v=skEf9R0TXkM
Best Thing To Happen To This Channel?????,"7,387 views",269 likes,9 dislikes,https://www.youtube.com/watch?v=is1LSWbssuA
"FaZe Adapt ""Stuttertage""","43,746 views","1,836 likes",66 dislikes,https://www.youtube.com/watch?v=PRU47AuQF2M
SpiderMan Robs Walmart?????,"7,811 views",287 likes,5 dislikes,https://www.youtube.com/watch?v=4DYBVA4884Y
Supply Drops For Charity! Ep #2,"5,214 views",213 likes,6 dislikes,https://www.youtube.com/watch?v=_oZyp4mTzSQ
How Many People Get The Diamond Play Button?????,"1,672,228 views","15,566 likes","1,860 dislikes",https://www.youtube.com/watch?v=bEIK5ni_Pzs
Best FNAF 4 Fake Reactions! So Funny lol,"24,587 views",739 likes,61 dislikes,https://www.youtube.com/watch?v=CnMv_zTXZ38
VANOSSGAMING IS IN TROUBLE,"162,880 views","2,306 likes",205 dislikes,https://www.youtube.com/watch?v=qENpZBzgaUM
FaZe Clan Vs Pewdiepie Who Would Win?????,"13,466 views",398 likes,18 dislikes,https://www.youtube.com/watch?v=X9UiBpDHW3w
Exility And Some Other Stuff - Update Vid,"5,280 views",210 likes,4 dislikes,https://www.youtube.com/watch?v=R6zuvKbvKyU
TWITCH STREAMERS REACT TO RECEIVING THOUSANDS FROM SAME GUY!,"161,172 views","1,255 likes",45 dislikes,https://www.youtube.com/watch?v=yWnmEPgLroQ
Low Bridge Causes Dozen's Of Wrecks! 11-8 Bridge,"5,335 views",243 likes,3 dislikes,https://www.youtube.com/watch?v=jPm3hRiMKuU
INSANE TRIPLE LEGENDARY SUPPLY DROP! BEST OPENING YET?,"24,313 views",,,https://www.youtube.com/watch?v=SgMydsOucFg
Why I deleted Today's First Upload,"17,407 views",508 likes,12 dislikes,https://www.youtube.com/watch?v=XBe57FyB2xU
The History Of Pewdiepie In 2 Minutes,"93,980 views","3,231 likes",86 dislikes,https://www.youtube.com/watch?v=lh61MVUxJt0
The COD Community? Sleeping With Your Mom?,"5,284 views",233 likes,6 dislikes,https://www.youtube.com/watch?v=Y3Rxgf5_R_I
What Is Spam404?????,"19,317 views",484 likes,27 dislikes,https://www.youtube.com/watch?v=zpCwHwWgbsI
Every Minecraft Let's Play Ever In Under A Minute,"35,998 views","1,150 likes",28 dislikes,https://www.youtube.com/watch?v=yCKe65Nvp0Q
I Hate Spam On Youtube,"6,123 views",272 likes,10 dislikes,https://www.youtube.com/watch?v=eBklqeeIu10
How To Become A Gaming Youtuber! All You Need To Know!,"8,808 views",359 likes,7 dislikes,https://www.youtube.com/watch?v=7Pr0HP-Trgk
How To Gain Youtube Success,"14,673 views",632 likes,13 dislikes,https://www.youtube.com/watch?v=v5J1Cycn3s8
Do You Think You Will Be Famous?????,"24,167 views",813 likes,14 dislikes,https://www.youtube.com/watch?v=J1lhxfZtR3M
What Is Youtube Terms Of Service?????,"16,236 views",399 likes,14 dislikes,https://www.youtube.com/watch?v=IDrS_TrjuK4
5 Popular Channels That Were Terminated,"86,911 views","2,921 likes",80 dislikes,https://www.youtube.com/watch?v=lRznKN2oPUc
What Is Swatting? Why I hate It!,"33,605 views","1,123 likes",30 dislikes,https://www.youtube.com/watch?v=b_o8cz0ZNdk
3k HYPE,"28,098 views","1,047 likes",10 dislikes,https://www.youtube.com/watch?v=OweuuinkVZI
Paid Promotion On Youtube Good?,"13,316 views",274 likes,29 dislikes,https://www.youtube.com/watch?v=-o_8CDbFMJ0
Reddit Is In Chaos After Firing Victoria,"6,319 views",184 likes,4 dislikes,https://www.youtube.com/watch?v=i5dhcAxO25Q
My Solution For The Theft At The FaZe House - @FaZe_Rain @FaZeAdapt,"7,792 views",230 likes,8 dislikes,https://www.youtube.com/watch?v=UEK0fYAqMss
Insane Gun Sync - 7 Hours To Make,"7,209 views",313 likes,8 dislikes,https://www.youtube.com/watch?v=X7doE4h6W64
Random Stuff You Don't Care About,"5,388 views",253 likes,2 dislikes,https://www.youtube.com/watch?v=3rJgCGMPEqA
How Much Does Pewdiepie Make?,"26,840 views",530 likes,30 dislikes,https://www.youtube.com/watch?v=yyJ7xEcENNI
FaZe Members Reaction's To Joining Faze,"458,586 views","10,186 likes",163 dislikes,https://www.youtube.com/watch?v=YJiqYG-Mylk
The Ultimate Motivation For Small Youtubers,"107,658 views","5,221 likes",91 dislikes,https://www.youtube.com/watch?v=N9jTogPwqVY
Battle Of The Beast Round 1 Winners!,"7,223 views",181 likes,4 dislikes,https://www.youtube.com/watch?v=7isfkomGg7o
The Truth About Big Community Channels,"5,222 views",201 likes,4 dislikes,https://www.youtube.com/watch?v=UCYefSGBP00
Youtube In 10 Years?????,"34,412 views","1,138 likes",27 dislikes,https://www.youtube.com/watch?v=0tZCQ25fsoI
WORLD'S FIRST BLACK OPS 3 GUN SYNC!!,"12,773 views",397 likes,12 dislikes,https://www.youtube.com/watch?v=dvdGkRK5a_0
Battle of The Beasts Round 2 Winners!,"5,392 views",139 likes,4 dislikes,https://www.youtube.com/watch?v=jGE1sUTeR5g
Battle Of The Beasts (youtubers needed),"8,750 views",250 likes,3 dislikes,https://www.youtube.com/watch?v=STvOHHgJ1sQ
How Did Notch Become A Billionaire? How Much Did Minecraft Sell For?????,"19,214 views",648 likes,12 dislikes,https://www.youtube.com/watch?v=7ytYV-tVIvg
History Of COD Part 2! Black Ops 1 - History Of COD On Youtube!,"7,247 views",308 likes,6 dislikes,https://www.youtube.com/watch?v=2-ErX5oDzwM
My Top 5 Favorite Things At E3 2015,"6,424 views",204 likes,7 dislikes,https://www.youtube.com/watch?v=-mlok5iT3GE
Free To Use Advanced Warfare Gameplay! 2015,"7,955 views",212 likes,3 dislikes,https://www.youtube.com/watch?v=QkXDatNdL4U
Top 10 Richest Gaming Youtubers?????,"21,838 views",850 likes,16 dislikes,https://www.youtube.com/watch?v=ELIoOUKSOJQ
Markiplier Is A Great Man! Sub shodleech!,"36,253 views",637 likes,14 dislikes,https://www.youtube.com/watch?v=uAoayezOaug
Battle Of The Beast Tournament UPDATE!,"5,402 views",207 likes,7 dislikes,https://www.youtube.com/watch?v=hyt2t4r8lQ4
Insane Advanced Warfare Hacker!,"7,115 views",224 likes,4 dislikes,https://www.youtube.com/watch?v=Vr2337tCLCI
Battle of The Beasts Bracket!!!! (Not accepting anymore),"6,708 views",173 likes,5 dislikes,https://www.youtube.com/watch?v=GhppzOzN3MM
Best Of FlipArtz - His Best Advanced Supply Drops EVER!,"7,927 views",210 likes,6 dislikes,https://www.youtube.com/watch?v=KLAI0c0Spog
My First Response For The #karnageRC,"7,573 views",295 likes,7 dislikes,https://www.youtube.com/watch?v=UjB9AKD8fy0
How Much Does Faze Rain's Giveaway Cost??????,"7,390 views",192 likes,7 dislikes,https://www.youtube.com/watch?v=TacjQmKCiZg
Why Are Things Unbalanced In Video Games?????,"8,245 views",205 likes,3 dislikes,https://www.youtube.com/watch?v=wNuxirsrwBk
How Much Money Do You Make As An Uber Driver??????,"9,860 views",183 likes,8 dislikes,https://www.youtube.com/watch?v=zi7tZ-2PhLk
MY MESSAGE TO COD YOUTUBERS (Watch till end plz),"6,151 views",212 likes,2 dislikes,https://www.youtube.com/watch?v=AIytwdufwW8
I Think I Am Going For The #KarnageRC,"6,008 views",184 likes,4 dislikes,https://www.youtube.com/watch?v=U9c-ycvw02A
Summer Is Finally Here!,"5,799 views",193 likes,5 dislikes,https://www.youtube.com/watch?v=UVin8WtE5eU
Every FaZe Video Ever #karnageRC,"11,068 views",436 likes,17 dislikes,https://www.youtube.com/watch?v=GfgcVOuHLAo
"What Is Considered A ""Bad Video"" On Youtube????? #karnageRC","10,023 views",268 likes,7 dislikes,https://www.youtube.com/watch?v=NV7qmqbS8tM
Why Do We Do Things That Are Bad For Us?????,"6,972 views",320 likes,9 dislikes,https://www.youtube.com/watch?v=w40Z8aT5fpQ
New Channel?,"30,262 views","1,213 likes",14 dislikes,https://www.youtube.com/watch?v=6bxZpS0cm5o
L0114R - Biblical Creeper Post for Post @L0114R,"5,431 views",164 likes,4 dislikes,https://www.youtube.com/watch?v=56OkH6ocYZU
How Much Money Does DramaAlert Make????,"7,600 views",369 likes,8 dislikes,https://www.youtube.com/watch?v=zfDr05ax0gM
"Youtube ""Freinds""","16,377 views",318 likes,7 dislikes,https://www.youtube.com/watch?v=ajJbMGq9AS4
"Youtube Stat News - Vevo Gets 10 Bil. Views A Month, Channel Milestones, and more!","5,283 views",329 likes,5 dislikes,https://www.youtube.com/watch?v=UXw9jqgJNNc
Cut Coms vs Uncut Coms,"6,532 views",202 likes,9 dislikes,https://www.youtube.com/watch?v=__SaaKSW9iE
Big Changes??? Idk just watch the stupid video,"6,178 views",208 likes,4 dislikes,https://www.youtube.com/watch?v=E3CqKvlzl-I
How To Monetize Your Videos And Make Lots Of Youtube Money!!$$$,"7,345 views",281 likes,8 dislikes,https://www.youtube.com/watch?v=zgDezsMQyyU
DIY $23.00 Mini Sound Booth? Does It Work?,"28,821 views",672 likes,18 dislikes,https://www.youtube.com/watch?v=UEwnitHoSDw
My Problems,"16,463 views",741 likes,7 dislikes,https://www.youtube.com/watch?v=umRLkCrmwcs
Screw Warface,"9,212 views",344 likes,19 dislikes,https://www.youtube.com/watch?v=h5uE4ERMiTk
How Overpriced Is Movie Popcorn?????,"9,007 views",288 likes,4 dislikes,https://www.youtube.com/watch?v=7GjSaNi8Epg
Remember When COD Was Fun?,"6,709 views",282 likes,6 dislikes,https://www.youtube.com/watch?v=yeHjsYQ076A
My New Channel Trailer ;),"12,367 views",394 likes,4 dislikes,https://www.youtube.com/watch?v=52awie9G00A
Minimum Wage,"11,813 views",362 likes,6 dislikes,https://www.youtube.com/watch?v=qWnyJ55KBKo
My Baby Got a Virus :(,"14,573 views",394 likes,12 dislikes,https://www.youtube.com/watch?v=pqrdPu2ESFo
Modern Art Is A Joke,"10,361 views",331 likes,20 dislikes,https://www.youtube.com/watch?v=ywZy_Fo2ydo
Ma Channel,"9,031 views",361 likes,8 dislikes,https://www.youtube.com/watch?v=rHoLyltYDtQ
Why I Changed My Channel Name,"38,946 views","1,266 likes",22 dislikes,https://www.youtube.com/watch?v=bB99NdUoxEQ
"How To SAT, Get Into Yale","9,365 views",227 likes,9 dislikes,https://www.youtube.com/watch?v=zv_oq5UNDAo
What is Crohn's Disease?????,"100,732 views","4,090 likes",51 dislikes,https://www.youtube.com/watch?v=pzlPJmNyepA
Cheat Channels,"9,292 views",309 likes,5 dislikes,https://www.youtube.com/watch?v=qr4v9pdfVlU
How Rich Is Buzz Feed???,"6,902 views",200 likes,6 dislikes,https://www.youtube.com/watch?v=7YOzgk-U4EU
How To Do A High School or College Paper!,"10,875 views",312 likes,8 dislikes,https://www.youtube.com/watch?v=prdSftLj9-g
Time,"14,673 views",411 likes,15 dislikes,https://www.youtube.com/watch?v=hgiPX33AHas
100k Subs With No Videos????,"328,139 views","5,958 likes",427 dislikes,https://www.youtube.com/watch?v=NiqkH7qVW0U
Is Jacksepticeye A Millionaire?????? 2016,"43,988 views",913 likes,222 dislikes,https://www.youtube.com/watch?v=boBokLXe5o8
Youtube,"12,880 views",446 likes,12 dislikes,https://www.youtube.com/watch?v=5UPa_hu5opg
"2,000 Subscribers","60,146 views","3,023 likes",36 dislikes,https://www.youtube.com/watch?v=oZ-Mn5p1xMw
Is Pewdiepie The #2 Youtuber?!?!? :0,"19,827 views",611 likes,29 dislikes,https://www.youtube.com/watch?v=uCIpW9zOmgI
What Happens If You Get A Copy Right Strike??,"101,549 views","2,546 likes",140 dislikes,https://www.youtube.com/watch?v=QNoqAnJOSqU
Subscriber Goals For 2016,"11,231 views",361 likes,3 dislikes,https://www.youtube.com/watch?v=vZrL_FFITgs
Why I Was Not Uploading,"9,515 views",260 likes,6 dislikes,https://www.youtube.com/watch?v=MUQCwdkEbq0
How Much Money Does Smosh Make????? 2016,"16,687 views",361 likes,10 dislikes,https://www.youtube.com/watch?v=Z0Poefgrs4w
Youtubers Analytic's Explained,"9,072 views",304 likes,10 dislikes,https://www.youtube.com/watch?v=JlUzoQN9FWw
Who Are The Worst Youtubers?????,"46,582 views","1,114 likes",45 dislikes,https://www.youtube.com/watch?v=MLN6TRB9Jxw
How Much $$$ Does Every Member of FaZe Make COMBINED????? 2016,"67,212 views",896 likes,86 dislikes,https://www.youtube.com/watch?v=0VjLq-go1fg
Making Youtube a Priority,"10,852 views",364 likes,5 dislikes,https://www.youtube.com/watch?v=DfonKqMENrg
5 Steps To Becoming Successful On Youtube,"21,015 views","1,224 likes",25 dislikes,https://www.youtube.com/watch?v=kzIA4vKyhRQ
Magecraft - Epic Hit! 11k Troops killed.,"5,808 views",187 likes,7 dislikes,https://www.youtube.com/watch?v=bwp_3qLgWpQ
How Many People Do Youtube as a JOB?????,"7,991 views",237 likes,4 dislikes,https://www.youtube.com/watch?v=L7lGD_anC00
Are Youtubers Millionaires?,"28,651 views",725 likes,15 dislikes,https://www.youtube.com/watch?v=D1livXdFGkQ
10 Things You DIDN'T Know About Youtube!,"10,579 views",325 likes,12 dislikes,https://www.youtube.com/watch?v=7HBR3Ea72CY
How Much Money Does Syndicate Project Make????? 2016,"15,007 views",221 likes,9 dislikes,https://www.youtube.com/watch?v=xu1nhAfnMGA
Highest Paid Musicians????,"14,123 views",330 likes,9 dislikes,https://www.youtube.com/watch?v=tZpnfF0-7Ls
How Much Money Does Markiplier Make????? 2016,"22,081 views",531 likes,11 dislikes,https://www.youtube.com/watch?v=iqUFeWAVp-0
Quitting?,"27,571 views","1,243 likes",10 dislikes,https://www.youtube.com/watch?v=Ds9H2UnUHL0
Making Fun Of Youtuber's Intros.,"194,960 views","3,717 likes",116 dislikes,https://www.youtube.com/watch?v=BwAMltY3-c0
PewDiePie Uploads A Fake Video! LOL,"14,539 views",387 likes,8 dislikes,https://www.youtube.com/watch?v=W2skFWRk6qo
How Much Money Did Gangnam Style Earn??? 2016,"19,259 views",423 likes,34 dislikes,https://www.youtube.com/watch?v=udmf5MQLNGA
20 Best Websites?????,"15,831 views",403 likes,14 dislikes,https://www.youtube.com/watch?v=Rio7r_vLUEo
Opening Old Basketball Cards! Ep. #1 (Michael Jordan Found),"23,145 views",644 likes,10 dislikes,https://www.youtube.com/watch?v=D51HaR-XvgM
Best League Player In The Universe.,"15,713 views",559 likes,11 dislikes,https://www.youtube.com/watch?v=0dg2eR2NSQ0
Milestones And Plans For My Channel,"12,703 views",424 likes,9 dislikes,https://www.youtube.com/watch?v=fEcASr38n2E
How much money does VanossGaming Make? 2016,"44,335 views",869 likes,20 dislikes,https://www.youtube.com/watch?v=LDegY-H60_U
Pewdiepie Was On T.V.,"42,345 views","1,818 likes",19 dislikes,https://www.youtube.com/watch?v=X_qd-1xSTFA
Five Facts You Didn't Know About Youtube.,"12,261 views",373 likes,6 dislikes,https://www.youtube.com/watch?v=VWa0ImMY2bQ
MageCraft - Beginners tutorial. (The app),"5,734 views",166 likes,4 dislikes,https://www.youtube.com/watch?v=6BNOWeYFyP8
"How Much Money Does ""Chris Smooth"" Make?????","8,361 views",231 likes,5 dislikes,https://www.youtube.com/watch?v=8E5Ygl02wtM
How Much Money Does FaZe Make?????,"8,230 views",222 likes,4 dislikes,https://www.youtube.com/watch?v=qFOGv5zuTdw
"How Much Does ""Epic Rap Battles"" Make?????","9,843 views",243 likes,3 dislikes,https://www.youtube.com/watch?v=HduubRTdko4
Youtube Dream,"13,219 views",522 likes,7 dislikes,https://www.youtube.com/watch?v=460GXJiGCEs
How Much Money Does Yogscast Make????? 2016,"13,472 views",206 likes,83 dislikes,https://www.youtube.com/watch?v=NbHwVDt9Rjk
"Top Youtube ""ShoutOuts""","8,901 views",367 likes,6 dislikes,https://www.youtube.com/watch?v=u6t4jrhs56Q
How Much Does WhiteBoy7thSt Make????? 2016,"37,582 views",522 likes,12 dislikes,https://www.youtube.com/watch?v=VzsE09KjpKA
Vanoss vs Speedy! Who is better? Updated.,"13,048 views",435 likes,42 dislikes,https://www.youtube.com/watch?v=OffgqPzDi7Q
Money Problems,"35,233 views",851 likes,19 dislikes,https://www.youtube.com/watch?v=moMJjt5KECc
1500,"48,258 views","1,672 likes",29 dislikes,https://www.youtube.com/watch?v=bA20RJcegOI
Welcome To My Channel!,"16,638 views",425 likes,8 dislikes,https://www.youtube.com/watch?v=B_7uD3B62MM
Hacker in Ghost???? I Couldn't Kill Him.,"6,080 views",203 likes,6 dislikes,https://www.youtube.com/watch?v=2ljWxaMvE_0
Crazy Nub Tub Reactions! Bo2 Fun!,"5,681 views",207 likes,7 dislikes,https://www.youtube.com/watch?v=U_07AG_CR5A
This Kid Should Quit COD....,"14,144 views",335 likes,11 dislikes,https://www.youtube.com/watch?v=HuLAAXZXIy0
How Much Money Does Tmartn Make?????,"10,382 views",215 likes,9 dislikes,https://www.youtube.com/watch?v=rSuuQ_s8gOw
How Much Money Does FaZe Rain Make?????,"26,418 views",456 likes,16 dislikes,https://www.youtube.com/watch?v=vKKhX-Uyggw
Fun In COD. - Insane Reactions Lol,"5,703 views",217 likes,7 dislikes,https://www.youtube.com/watch?v=Xe0AGtF5aNU
Minecraft Build-off Fun!!!!!,"11,619 views",404 likes,7 dislikes,https://www.youtube.com/watch?v=NCv0drAPm_M
G2g Brb,"5,684 views",233 likes,11 dislikes,https://www.youtube.com/watch?v=EAwXH82m-6A
In Dis Video I Play Minecraft. (Factions),"11,327 views",384 likes,11 dislikes,https://www.youtube.com/watch?v=ZiuoOcj2eLY
Youtube Grind,"17,465 views",553 likes,10 dislikes,https://www.youtube.com/watch?v=LYK6SPMtJ_Y
Computer vs Console My Perspective.,"15,601 views",433 likes,15 dislikes,https://www.youtube.com/watch?v=pV7UcYW1OwA
How Much Money Does Penguinz0 Make????? 2016,"22,075 views",932 likes,16 dislikes,https://www.youtube.com/watch?v=BqS4iVHa-LU
5 Youtubers I Think Will Be Famous...,"54,323 views","1,541 likes",26 dislikes,https://www.youtube.com/watch?v=x4IXCimma-s
I Got Really Really Really Bored....,"8,148 views",275 likes,18 dislikes,https://www.youtube.com/watch?v=3Q3pQmzWyZM
How Much Money Does Tobuscus Make?????,"7,793 views",247 likes,8 dislikes,https://www.youtube.com/watch?v=G7Y9ban7b0U
COD IS NOT DEAD,"13,706 views",595 likes,14 dislikes,https://www.youtube.com/watch?v=EMVvA5Cr0fY
Storm,"47,464 views","1,736 likes",31 dislikes,https://www.youtube.com/watch?v=e14MroQ5k_s
How Much Money Does CaptainSparkles Make????? 2016,"64,745 views",783 likes,23 dislikes,https://www.youtube.com/watch?v=zX04jQFKCpo
How Much Does PewDiePie Make????? 2016,"64,559 views","1,313 likes",28 dislikes,https://www.youtube.com/watch?v=anZbhN0Wh_4
Hearthstone - All Beards Challenge!,"10,181 views",279 likes,7 dislikes,https://www.youtube.com/watch?v=CuzdxsOXEZ8
Youtube ad.,"94,292 views","2,088 likes",36 dislikes,https://www.youtube.com/watch?v=67Wj-0OyKOM
Yup I is the best at the game.,"41,876 views",941 likes,11 dislikes,https://www.youtube.com/watch?v=-rdYtmUejSE
"Youtube Networks Requirerments. (Machinima, TGN, 8byte....)","16,928 views",289 likes,5 dislikes,https://www.youtube.com/watch?v=XDe5f8BEvwY
Motivation,"12,972 views",628 likes,6 dislikes,https://www.youtube.com/watch?v=dg6iqLCPizs
Should I join FaZe?????,"161,441 views","3,596 likes",69 dislikes,https://www.youtube.com/watch?v=tusuuI7MEJU
Two Years of Youtube.,"73,635 views","1,846 likes",25 dislikes,https://www.youtube.com/watch?v=BtCGABBPH9s
"How Much Money Does ""Skydoesminecraft"" Make????","14,468 views",364 likes,7 dislikes,https://www.youtube.com/watch?v=LI8nWXeYtOs
Impossible,"13,738 views",539 likes,9 dislikes,https://www.youtube.com/watch?v=LWstCINhd8g
1k Subs,"7,150,346 views","528,738 likes","3,892 dislikes",https://www.youtube.com/watch?v=cRPldarzw-M
"How Much Money Does ""Element Animation"" Make?????","31,883 views",667 likes,13 dislikes,https://www.youtube.com/watch?v=KJ_C_NSl0P8
"Flappy Bird - Builders Showdown, Which is Better?","18,519 views",533 likes,14 dislikes,https://www.youtube.com/watch?v=GdD2pqAdjXY
How Much Money Do I Make?????,"47,894 views","1,558 likes",16 dislikes,https://www.youtube.com/watch?v=Kgu2ApayYvI
Update,"8,778 views",327 likes,10 dislikes,https://www.youtube.com/watch?v=S9PIukDRcvk
"""Beast"" Channel Trailer","13,264 views",432 likes,6 dislikes,https://www.youtube.com/watch?v=h77pHTSPSiw
Should College Athletes Be Paid?????,"16,316 views",470 likes,5 dislikes,https://www.youtube.com/watch?v=LMe7k8I082w
Subscribers.,"18,950 views",769 likes,12 dislikes,https://www.youtube.com/watch?v=lrw3zkGS9Vc
How Many Youtubers Are Millionaries?????,"76,734 views","1,558 likes",36 dislikes,https://www.youtube.com/watch?v=iOjxpow6jow
How Video Games Boosted My SAT Score. Lol,"10,779 views",332 likes,7 dislikes,https://www.youtube.com/watch?v=gpbY6zCEBv4
How Much Money Does KyR's Speedy's Crew Make?????,"37,093 views",716 likes,39 dislikes,https://www.youtube.com/watch?v=IQYW_lVBYGo
What It Takes To Be A Full Time Youtuber...,"9,334 views",357 likes,3 dislikes,https://www.youtube.com/watch?v=JUiijjJOInw
New COD Zombies In 2014?????,"14,655 views",501 likes,32 dislikes,https://www.youtube.com/watch?v=nmHCmLVLxcU
Top 5 NON-COPYRIGHTED Songs!!!!!,"25,459 views",820 likes,11 dislikes,https://www.youtube.com/watch?v=Oub4nMrNTqQ
100th VIDEO SPECIAL!,"77,253 views","3,089 likes",28 dislikes,https://www.youtube.com/watch?v=smDPnIdlkhM
How Much Money Does Pewdiepie Make????? (Updated 2015),"324,876 views","5,628 likes",141 dislikes,https://www.youtube.com/watch?v=A8IkOqb_7Yg
Minecraft Mansion Timelapse,"447,079 views","13,102 likes",292 dislikes,https://www.youtube.com/watch?v=TZPlDuYrcDQ
Does Spam Work?????,"63,194 views","1,379 likes",26 dislikes,https://www.youtube.com/watch?v=ZxkLCq49Tvk
The Vortex SMP Episode 1! Just Derping Around and Explaining Things.,"17,503 views",522 likes,8 dislikes,https://www.youtube.com/watch?v=DjMYkWCEan8
Has Youtube Met Its Match?????,"13,003 views",382 likes,4 dislikes,https://www.youtube.com/watch?v=3nn_skHgkqI
Vanoss vs Speedy! Which is better?,"46,787 views",975 likes,128 dislikes,https://www.youtube.com/watch?v=h5Z36IuyrKc
I Hate Pewdiepie!!!!!,"928,940 views","63,555 likes","8,262 dislikes",https://www.youtube.com/watch?v=2IGxSOfsBok
"Battle pirates, How To Auto Lvl 40 Salvages.","7,724 views",346 likes,5 dislikes,https://www.youtube.com/watch?v=A4lp4FRCo6o
Hellstrikes vs 7 halos!,"8,888 views",266 likes,11 dislikes,https://www.youtube.com/watch?v=WYKZz3Zygdc
"Battle Pirates, Hellstrike Base attack.","7,765 views",244 likes,5 dislikes,https://www.youtube.com/watch?v=7mLSbgyjM0g
"Battle Pirates, Unstoppable Ship!","7,674 views",290 likes,9 dislikes,https://www.youtube.com/watch?v=TGKkMl17Htg
Battle pirates Hellstrike fail!,"8,083 views",264 likes,6 dislikes,https://www.youtube.com/watch?v=jlpAON0ePME
"Battle Pirates, Another Hellstrike Fail.","8,024 views",291 likes,5 dislikes,https://www.youtube.com/watch?v=xvIpibLjs5k
"Marauder Builds, Battle Pirates In Depth Builds.","7,673 views",376 likes,14 dislikes,https://www.youtube.com/watch?v=KcNCJ1mgt14
"Battle Pirates, Hellstrike vs Epic Base!","8,026 views",293 likes,7 dislikes,https://www.youtube.com/watch?v=5U2fmvh9_Is
"Battle Pirates, my base.","8,635 views",283 likes,4 dislikes,https://www.youtube.com/watch?v=hHl_YMivv3c
Best Hellstrike Build???? (Battle Pirates),"11,038 views",188 likes,4 dislikes,https://www.youtube.com/watch?v=Qw3eFnsSdlQ
OpTiC NaDeShOt Got Hack!!,"16,994 views",569 likes,8 dislikes,https://www.youtube.com/watch?v=pP1KMQb51GA
"Battle pirates, Lvl 58 Mercury Base Attack!","11,968 views",324 likes,7 dislikes,https://www.youtube.com/watch?v=90wWStXJX5c
"Battle Pirates, lvl 66 vs Missile Cruiser x Fleet!","8,603 views",277 likes,7 dislikes,https://www.youtube.com/watch?v=sfp0a6zDoNQ
Why Google Does Not Care What We Think....,"68,098 views","1,385 likes",34 dislikes,https://www.youtube.com/watch?v=p-KVD5rA_Cw
"Battle Pirates, Hellstrike Too Overpowered????","10,588 views",299 likes,8 dislikes,https://www.youtube.com/watch?v=RaDRWNz3Al4
"Epic Ghost Multiplayer EasterEggs! (PrisonBreak, Sovereign, and Flooded)","13,751 views",610 likes,8 dislikes,https://www.youtube.com/watch?v=dPxAFqs2eYE
Google+ The Death Of Youtube?????,"25,123 views",766 likes,12 dislikes,https://www.youtube.com/watch?v=7anhkLPRk-A
"Battle Pirates, Stingray vs Mercury Epic Battle!","9,937 views",328 likes,8 dislikes,https://www.youtube.com/watch?v=ruSVy-u2DzM
My First Kem Strike!,"11,892 views",562 likes,12 dislikes,https://www.youtube.com/watch?v=JdCgkcb1iwQ
"Battle Pirates, All Sentinel Base.","9,172 views",304 likes,12 dislikes,https://www.youtube.com/watch?v=Ms9MGkEm4mg
Funny Noob Tubing Reaction Montage!,"22,365 views",736 likes,13 dislikes,https://www.youtube.com/watch?v=bIZ5_L1ru2w
50k Video Views!!!! EpicSauce!,"56,052 views","2,146 likes",22 dislikes,https://www.youtube.com/watch?v=IaR7P4-wFK8
Channel Update.,"26,828 views",920 likes,16 dislikes,https://www.youtube.com/watch?v=-hrPQFaDVKQ
How To Duplicate Diamonds!!!!,"36,034 views","1,475 likes",133 dislikes,https://www.youtube.com/watch?v=ObYLL97-SBA
Battle Pirates!,"13,748 views",651 likes,19 dislikes,https://www.youtube.com/watch?v=v3tbnlc5cfo
Most Overpowered Guns In Ghost!,"16,738 views",656 likes,8 dislikes,https://www.youtube.com/watch?v=QXag-irFHxE
These Were The Good Days....,"25,358 views",887 likes,9 dislikes,https://www.youtube.com/watch?v=ctJORnOjbrQ
Are Minecraft Faction Has A New Pet! (poopymiscquidlepants),"17,329 views",511 likes,7 dislikes,https://www.youtube.com/watch?v=vBEGODNmdas
How Much Money Does PewDiePie Make?????,"217,793 views","4,362 likes",198 dislikes,https://www.youtube.com/watch?v=XVMY7B3AzWM
If This Video Gets One Million Views.....,"4,029,637 views","414,832 likes","5,286 dislikes",https://www.youtube.com/watch?v=v1ELS84GQu8
203 Kill Game! Thanks For 300 Subscribers!,"31,821 views","1,428 likes",14 dislikes,https://www.youtube.com/watch?v=Q5lcjP6XlHw
"Minecraft, How To Grief Without Being Seen!","28,516 views","1,048 likes",31 dislikes,https://www.youtube.com/watch?v=yyssjJEJMt4
Minecraft Let's Play Ep. # 2 - Having Fun and Derping!,"48,711 views","1,967 likes",29 dislikes,https://www.youtube.com/watch?v=Wz1VHTZq16c
Worlds Biggest Ball Of TNT Minecraft! Challenge Video!,"147,334 views","4,499 likes",135 dislikes,https://www.youtube.com/watch?v=Cs-kyTJso-A
Black Ops 2! Mini Update Video.,"13,152 views",708 likes,17 dislikes,https://www.youtube.com/watch?v=rffyxTTNkyk
"How To Get A Gaming Partnership, And What It Is.","13,954 views",665 likes,11 dislikes,https://www.youtube.com/watch?v=jkqd-oc0F00
Call of Duty Ghost Multiplier Reveal Trailer Release Date!,"14,963 views",666 likes,12 dislikes,https://www.youtube.com/watch?v=sE3ZZmYotSs
Buried Round 50 Gameplay! Black ops 2 Zombies.,"21,481 views",813 likes,14 dislikes,https://www.youtube.com/watch?v=2bwPntvb90U
Camping Montage.... LOL,"18,150 views",765 likes,10 dislikes,https://www.youtube.com/watch?v=mVkT6Cd9SoI
Randomness,"13,214 views",788 likes,20 dislikes,https://www.youtube.com/watch?v=OOesLeO6-pc
Channel Trailer....,"49,736 views","2,071 likes",40 dislikes,https://www.youtube.com/watch?v=X-g9aT2wFjM
Minecraft Let's Play! Ep. 1. The Beginning!,"277,572 views","9,338 likes",207 dislikes,https://www.youtube.com/watch?v=uqjfMNEWNIg
Top 10 Worst Guns in Call Of Duty History!,"33,440 views","1,232 likes",23 dislikes,https://www.youtube.com/watch?v=KL1X8NsVGd0
I'm Back! Update Video....,"31,699 views","1,309 likes",28 dislikes,https://www.youtube.com/watch?v=j93M46a-W3U
Black ops 2 Patch news!,"18,709 views",857 likes,14 dislikes,https://www.youtube.com/watch?v=q2HoSwCMcZw
Top Subscribed To Channels? BO2 w/ commentary!,"16,966 views",845 likes,11 dislikes,https://www.youtube.com/watch?v=p5rGgPZtjDw
Insane Black Ops 2 HACKER!!!!,"67,411 views","1,541 likes",36 dislikes,https://www.youtube.com/watch?v=pUwUAtmBKxw
Black ops 2 Invisible equipment and scorestreak glitch!,"24,170 views",961 likes,17 dislikes,https://www.youtube.com/watch?v=RRknlgRqOds
Career Ender .... LOL,"24,981 views",773 likes,16 dislikes,https://www.youtube.com/watch?v=bWDmDsdvoBs
I Bought A New Microphone! (quality test),"30,072 views","1,033 likes",9 dislikes,https://www.youtube.com/watch?v=OJA1QK-j-Oo
Project Zomboid Lets Play ep [01] Roughing it out!,"32,203 views","1,337 likes",15 dislikes,https://www.youtube.com/watch?v=PNsF1Uh5yP8
Black ops 2 Gameplay w/ commentary. Hipsters,"65,058 views","2,477 likes",38 dislikes,https://www.youtube.com/watch?v=C82suucz4i4
Project Zomboid Let's Play ep [04] lots of stuff,"15,918 views",937 likes,16 dislikes,https://www.youtube.com/watch?v=H_DYlka7QAQ
Black ops 2 Shotgun gameplay w/ commentary.... Ps4 or Xbox?,"47,427 views","1,387 likes",22 dislikes,https://www.youtube.com/watch?v=pHKlrJeKmjA
Horse racing map for new update! (minecraft),"33,762 views","1,261 likes",27 dislikes,https://www.youtube.com/watch?v=-z349CGAOXs
Project Zomboid Let's Play ep. [03] Looting and storing.,"15,944 views",848 likes,9 dislikes,https://www.youtube.com/watch?v=ov0KQthQ50U
Huge WW2 jeep! Minecraft creations.,"85,190 views","2,658 likes",59 dislikes,https://www.youtube.com/watch?v=6z5RwrvnH28
Project Zomboid let's play ep. [02] Just some chores.,"16,084 views",865 likes,17 dislikes,https://www.youtube.com/watch?v=MC-7ziNt_U4
Amazing minecraft Cathedral!,"68,363 views","2,189 likes",46 dislikes,https://www.youtube.com/watch?v=pl4xmh3RWfE
Gunpowder plus mod! (Grenade mod) Epic explosions for minecraft.,"34,589 views","1,334 likes",22 dislikes,https://www.youtube.com/watch?v=9Y2sAtN5yRs
Story time!,"103,688 views","4,380 likes",71 dislikes,https://www.youtube.com/watch?v=ivdQqobHDPc
Magic karp sweeps whole team of LEGENDARIES!!!,"27,177 views","1,236 likes",23 dislikes,https://www.youtube.com/watch?v=VN2-3OfUzd8
Pokemon online battle #8 Stone edge,"21,660 views","1,329 likes",26 dislikes,https://www.youtube.com/watch?v=KYv1nqutbK0
Online pokemon battle #7 [uu] 5-0,"29,249 views","1,466 likes",34 dislikes,https://www.youtube.com/watch?v=7Yi-ctyTNU4
Pokemon online battle #4 [uu] Same old team,"27,894 views",,,https://www.youtube.com/watch?v=QicO1Gd0kvU
Pokemon online battles #5 [uu] Heracross never seems to dissapoint me...,"23,751 views","1,358 likes",24 dislikes,https://www.youtube.com/watch?v=-2IFrMOM36w
Online pokemon battle #3 [uu] Ice punch,"25,540 views",,,https://www.youtube.com/watch?v=yFfcsmK2TOA
This is a detailed break down of my favorite UU team... ENJOY!,"26,316 views","1,384 likes",13 dislikes,https://www.youtube.com/watch?v=7dIFHQkrASM
Pokemon online battle #9 [rb] Hidden power ice ftw!,"23,355 views","1,156 likes",12 dislikes,https://www.youtube.com/watch?v=Ros1PpcO5Js
Epic Minecraft city! (w/ download link!),"58,973 views","1,771 likes",27 dislikes,https://www.youtube.com/watch?v=uUIlb2rpIuY
Most Epic Thing In Minecraft!?!?!?!?!?!!?????,"96,340 views","3,269 likes",46 dislikes,https://www.youtube.com/watch?v=XKSJRulqDNA
Emerald tool mod! (minecraft),"84,456 views","4,222 likes",52 dislikes,https://www.youtube.com/watch?v=atCPtw4dg7g
Epic minecraft apartment complex!,"101,680 views","3,673 likes",86 dislikes,https://www.youtube.com/watch?v=jysfHFHNjYQ
Best Minecraft Castle Ever?,"77,926 views","3,092 likes",49 dislikes,https://www.youtube.com/watch?v=clcN3OA8SNw
How to get unlimited diamonds! minecraft (x-ray),"98,204 views","4,193 likes",56 dislikes,https://www.youtube.com/watch?v=m3lTwO0aNyw
Why I Haven't Been Uploading,"158,367 views",,,https://www.youtube.com/watch?v=IAbX0FwX-GY
Pokemon online battle #2 [uu] Herracross w/ Dat MOXIE BOOST,"37,251 views",,,https://www.youtube.com/watch?v=Jl0-6tbNGBo
Drinks in minecraft (mod),"83,103 views",,,https://www.youtube.com/watch?v=gchqnwXlxJw
Crazy Illulsions In Minecraft. (Bigre),"172,443 views","4,870 likes",80 dislikes,https://www.youtube.com/watch?v=Yox25V8Qsm4
This is a block? Since when lol.,"147,049 views","5,552 likes",89 dislikes,https://www.youtube.com/watch?v=t8aM4HuVLrQ
More birds IN MINECRAFT!!,"191,772 views","7,294 likes",118 dislikes,https://www.youtube.com/watch?v=Y74b7WlcEpk
Worst Minecraft Saw Trap Ever???,"3,231,216 views","138,764 likes","3,158 dislikes",https://www.youtube.com/watch?v=2XVcLrB7B3Y
Most Epic minecraft skin EVER (Psy),"153,485 views","5,821 likes",214 dislikes,https://www.youtube.com/watch?v=7qj3nuF9Dzw
Boxy item mod Minecraft. EPIC,"202,177 views","8,392 likes",141 dislikes,https://www.youtube.com/watch?v=Z8nEEdXTaX0
Harry Potter Mod In Minecraft! EPIC MUST SEE MOD!!!,"727,282 views",,,https://www.youtube.com/watch?v=jP82d277Cc8
Scary minecraft pig skin!,"136,824 views","5,078 likes",113 dislikes,https://www.youtube.com/watch?v=M82VAcabSiA
